ID,y
1,77.6021563137274
2,95.0829947307524
3,74.8213067720924
4,77.6021563137274
5,110.079763459084
8,91.7684659012696
10,110.357172823915
11,94.934953599738
12,116.017096774194
14,95.9275236997741
15,116.017096774194
16,105.571589992063
17,91.147560193885
19,96.1879391711242
20,106.610098938021
21,91.147560193885
22,116.017096774194
23,91.147560193885
26,96.2849986216959
28,91.5809299141567
29,91.147560193885
33,91.147560193885
35,96.2849986216959
41,91.147560193885
42,91.9780917561074
43,116.017096774194
45,105.32096162407
46,105.172371188597
51,94.7651590844075
53,77.192302675302
55,110.079763459084
56,94.8954587436395
57,104.968444466826
58,96.3073636288713
59,105.493747507678
63,110.096757352565
64,96.1879391711242
65,106.610098938021
69,96.2924536240877
71,96.3578781059331
72,105.48396040432
73,96.0181446557937
76,105.493747507678
77,105.563230738657
78,116.017096774194
82,96.0181446557937
83,106.610098938021
84,94.6745381283879
85,105.172371188597
87,109.484977187253
88,91.147560193885
89,110.245347788038
91,94.9860796996591
93,96.097462634583
94,105.563230738657
95,94.7771046480964
96,109.484977187253
97,91.7684659012696
98,110.079763459084
99,94.8954587436395
101,105.381997043435
103,110.245347788038
104,91.6527689447184
105,109.875836737313
110,96.2274155640767
111,110.079763459084
113,110.079763459084
114,90.6791728340705
115,112.937189907756
117,110.245347788038
120,91.5809299141567
121,109.484977187253
122,91.7684659012696
123,110.079763459084
126,109.654916122062
132,112.5589854256
135,106.577946827488
137,106.198382037842
138,96.1879391711242
140,94.8954587436395
142,112.937189907756
144,109.484977187253
148,91.7684659012696
149,109.745392658603
155,91.3663115907954
156,109.484977187253
157,91.7684659012696
162,109.484977187253
163,96.2514511109329
167,90.848967349401
172,116.017096774194
179,110.079763459084
180,91.9780917561074
181,110.096757352565
182,96.1693016651447
183,110.245347788038
185,110.245347788038
187,110.096757352565
188,96.0181446557937
189,94.7651590844075
191,91.4109909793478
192,113.32654180076
193,94.934953599738
194,110.096757352565
195,91.4109909793478
196,110.245347788038
198,96.097462634583
199,109.484977187253
201,106.610098938021
204,96.1879391711242
205,105.571589992063
206,94.4366236196555
210,94.6745381283879
211,105.381997043435
216,109.484977187253
219,116.017096774194
220,92.678779793963
221,109.875836737313
226,110.096757352565
227,91.4109909793478
228,109.484977187253
230,109.484977187253
231,91.7684659012696
235,116.017096774194
236,95.0887791934634
238,109.484977187253
242,105.563230738657
243,94.9860796996591
244,76.9332562545519
245,110.066432614048
247,110.079763459084
248,91.7684659012696
249,91.9780917561074
250,109.484977187253
251,95.0887791934634
253,116.017096774194
254,91.8115253759396
256,94.9860796996591
257,91.7684659012696
258,109.484977187253
259,94.8954587436395
262,81.1134840625003
266,91.2295652201948
267,110.079763459084
272,105.172371188597
273,110.245347788038
275,91.9780917561074
276,109.614930116746
279,95.9275236997741
280,106.610098938021
283,91.8413453855068
285,109.484977187253
288,110.245347788038
289,95.074632248781
290,106.610098938021
291,95.9275236997741
292,110.096757352565
293,110.095249695508
296,91.7684659012696
297,110.079763459084
298,116.017096774194
299,96.0181446557937
304,91.6714064506979
305,91.9205805552349
306,94.934953599738
307,110.096757352565
311,105.381997043435
313,110.096757352565
314,91.4109909793478
316,95.0539108541042
324,94.6970390910055
327,95.0236505683384
329,91.6714064506979
330,110.096757352565
337,106.628736444001
338,96.1693016651447
339,106.610098938021
340,96.1879391711242
343,91.9780917561074
345,116.017096774194
346,90.7760878651639
347,110.079763459084
349,112.937189907756
350,90.6791728340705
352,110.079763459084
353,90.4695469792327
354,76.9332562545519
357,94.9860796996591
358,110.079763459084
362,110.096757352565
364,113.296721791193
365,105.381997043435
366,96.1171166484022
367,110.096757352565
368,96.1879391711242
370,77.3707131203423
373,96.3073636288713
377,91.4109909793478
378,110.095249695508
382,105.493747507678
384,109.484977187253
390,94.7771046480964
392,110.079763459084
393,112.332654439103
395,96.1693016651447
396,106.819724792859
399,78.5225911125769
406,110.096757352565
408,110.096757352565
409,91.6527689447184
410,77.6021563137274
412,110.079763459084
413,91.7684659012696
419,94.7771046480964
420,110.079763459084
421,91.7684659012696
430,95.2839341238714
434,94.7651590844075
436,96.1879391711242
437,94.8954587436395
438,91.9780917561074
439,109.484977187253
440,94.8954587436395
443,110.024427172786
446,96.1879391711242
448,95.0829947307524
452,95.1558742149896
453,104.968444466826
457,106.610098938021
458,94.7651590844075
459,114.362307692308
460,104.968444466826
462,105.772856593495
464,104.968444466826
465,116.017096774194
467,110.079763459084
471,110.260257792821
472,77.6021563137274
473,90.3789260232132
475,96.1879391711242
480,96.097462634583
488,110.944067856781
490,110.096757352565
491,105.381997043435
492,74.8213067720924
493,94.9860796996591
497,90.7760878651639
498,110.079763459084
499,96.2849986216959
500,105.172371188597
501,94.7651590844075
502,110.079763459084
506,77.192302675302
510,110.095249695508
511,90.4184208793117
512,91.6714064506979
516,91.9780917561074
518,91.4109909793478
519,110.079763459084
521,90.7760878651639
522,109.484977187253
526,109.484977187253
529,94.5109868151132
532,109.484977187253
533,95.0829947307524
536,109.614930116746
537,90.1580054079616
539,96.0181446557937
540,105.381997043435
541,96.1879391711242
543,94.7651590844075
546,110.079763459084
547,95.0887791934634
548,80.4457416162386
551,94.9860796996591
552,104.968444466826
556,105.563230738657
557,96.2141760989739
558,110.096757352565
559,95.9275236997741
560,105.571589992063
562,105.571589992063
566,96.290783084407
570,110.079763459084
571,94.8954587436395
572,106.610098938021
573,96.0181446557937
575,116.017096774194
576,110.079763459084
577,90.6791728340705
579,91.7684659012696
580,110.079763459084
581,112.5589854256
589,110.096757352565
591,105.172371188597
593,95.9275236997741
594,105.274334549482
595,94.934953599738
598,94.9860796996591
602,110.079763459084
604,109.484977187253
606,112.937189907756
608,96.1171166484022
609,105.381997043435
610,94.7651590844075
616,110.079763459084
617,96.2849986216959
618,105.274334549482
620,105.381997043435
622,109.988795773326
623,91.7684659012696
624,137.081877248672
626,109.484977187253
628,109.484977187253
629,90.6791728340705
630,109.484977187253
637,96.1693016651447
638,106.628736444001
643,94.5725747675026
645,96.097462634583
646,110.079763459084
648,96.3578781059331
652,96.290783084407
653,94.8954587436395
654,110.079763459084
656,110.079763459084
657,90.588551878051
659,95.6732184563839
660,105.178070321664
663,91.8413453855068
664,109.484977187253
666,104.968444466826
668,110.079763459084
669,94.7601107546155
671,96.2849986216959
675,91.9780917561074
677,95.0887791934634
678,110.066432614048
679,106.40617221625
682,96.097462634583
685,104.968444466826
687,96.1879391711242
688,90.3997833733322
693,109.858842843832
696,95.0236505683384
698,96.2849986216959
701,94.5052023524021
704,105.563230738657
705,116.017096774194
709,110.079763459084
710,94.9860796996591
711,105.210222432197
712,96.097462634583
714,109.484977187253
715,91.7742503639806
716,110.096757352565
717,92.678779793963
720,116.017096774194
721,91.4109909793478
724,105.417876655164
725,96.1879391711242
726,110.260257792821
728,110.286350301193
731,91.5809299141567
734,105.178070321664
738,92.678779793963
745,109.875836737313
746,91.6714064506979
751,74.988534713545
754,91.9072692333853
756,91.5809299141567
758,94.5109868151132
759,113.090134949084
761,116.017096774194
766,95.0254116731331
767,110.079763459084
768,91.7684659012696
769,109.745392658603
770,96.1880835906026
771,74.8213067720924
772,104.968444466826
773,94.9860796996591
774,110.079763459084
776,109.484977187253
777,94.8954587436395
780,116.017096774194
782,105.381997043435
787,105.172371188597
788,96.0181446557937
792,91.7684659012696
793,110.079763459084
798,94.8954587436395
800,91.9780917561074
806,110.096757352565
809,109.484977187253
811,109.745392658603
812,90.4695469792327
814,116.017096774194
816,105.172371188597
817,95.9275236997741
818,105.172371188597
820,110.245347788038
823,94.7651590844075
829,91.7684659012696
830,113.090134949084
831,90.5664620103261
834,109.484977187253
839,95.0121722080303
841,76.7548458095116
844,105.381997043435
845,94.7651590844075
848,91.6714064506979
850,94.3176663652892
851,104.968444466826
852,95.6732184563839
854,95.0829947307524
855,96.3073636288713
856,105.172371188597
859,104.968444466826
861,110.079763459084
864,94.9860796996591
865,110.079763459084
866,91.8413453855068
867,90.7052653424418
869,96.290783084407
871,90.4695469792327
872,110.096757352565
882,105.172371188597
883,94.7651590844075
885,95.9275236997741
888,95.0236505683384
893,110.096757352565
901,110.066432614048
903,105.381997043435
904,96.2849986216959
905,104.968444466826
910,96.097462634583
911,109.484977187253
914,109.614930116746
918,109.708117646644
921,91.7684659012696
928,94.9860796996591
929,104.968444466826
932,94.7919877256978
933,105.563230738657
934,96.097462634583
935,110.079763459084
937,78.971230481955
939,96.0181446557937
940,105.172371188597
941,94.9860796996591
942,104.968444466826
943,96.2849986216959
944,104.968444466826
947,110.096757352565
949,109.875836737313
951,110.069157187137
952,95.9275236997741
953,105.381997043435
954,81.1146416754142
957,109.484977187253
959,91.7684659012696
960,109.484977187253
963,116.017096774194
965,110.096757352565
967,104.968444466826
971,94.9860796996591
972,77.6021563137274
973,96.2849986216959
974,109.484977187253
975,94.5780818366393
978,113.497988392625
980,110.079763459084
981,96.2849986216959
984,109.614930116746
986,96.097462634583
988,91.7684659012696
989,109.484977187253
990,105.172371188597
992,110.066432614048
996,94.8954587436395
999,109.484977187253
1000,95.0328666755249
1001,110.079763459084
1002,91.7684659012696
1003,109.484977187253
1004,91.7684659012696
1008,109.484977187253
1009,95.6732184563839
1010,105.563230738657
1012,109.484977187253
1013,91.9855467584992
1014,109.708117646644
1015,90.4695469792327
1016,116.017096774194
1019,90.4695469792327
1020,109.484977187253
1021,96.097462634583
1022,105.563230738657
1024,96.097462634583
1025,76.0489388547475
1027,96.290783084407
1028,104.968444466826
1029,94.5052023524021
1030,95.9275236997741
1033,109.484977187253
1036,91.4109909793478
1037,109.875836737313
1038,91.6714064506979
1042,96.0181446557937
1043,105.172371188597
1044,94.9860796996591
1045,109.484977187253
1047,114.362307692308
1050,94.7651590844075
1051,110.096757352565
1054,94.7651590844075
1056,96.2849986216959
1057,94.7651590844075
1059,96.1879391711242
1062,94.7621677161306
1063,105.563230738657
1064,96.2849986216959
1066,94.9860796996591
1070,104.968444466826
1076,109.484977187253
1077,90.588551878051
1078,109.484977187253
1080,110.096757352565
1082,113.32654180076
1083,95.0236505683384
1089,113.24453677445
1091,95.0236505683384
1093,96.1879391711242
1097,96.2849986216959
1099,90.6791728340705
1101,96.097462634583
1103,94.5780818366393
1104,109.484977187253
1106,110.944067856781
1109,91.4109909793478
1110,110.096757352565
1111,95.0539108541042
1112,112.002315460574
1114,94.7651590844075
1116,92.678779793963
1117,109.875836737313
1120,91.5809299141567
1124,109.484977187253
1125,91.9780917561074
1126,109.484977187253
1134,110.079763459084
1137,91.9780917561074
1138,109.484977187253
1144,110.096757352565
1145,94.934953599738
1146,91.4109909793478
1148,94.5780818366393
1150,91.5809299141567
1152,105.381997043435
1153,95.9275236997741
1154,105.48396040432
1155,96.0181446557937
1157,90.1580054079616
1162,96.0181446557937
1165,109.484977187253
1166,94.7771046480964
1167,105.563230738657
1168,96.097462634583
1169,104.968444466826
1171,116.017096774194
1172,96.2141760989739
1173,104.968444466826
1174,94.9860796996591
1176,96.3073636288713
1177,104.968444466826
1178,94.9860796996591
1182,109.484977187253
1186,96.097462634583
1187,110.079763459084
1188,91.9780917561074
1189,116.017096774194
1191,105.703373362515
1192,96.0181446557937
1197,109.875836737313
1198,91.5016119353674
1200,77.6021563137274
1201,95.1558742149896
1203,96.1880835906026
1209,116.017096774194
1214,104.968444466826
1218,110.457292164109
1222,91.9072692333853
1226,95.9275236997741
1228,94.9860796996591
1230,91.3571860487228
1232,77.6021563137274
1233,90.3789260232132
1236,114.362307692308
1238,94.9860796996591
1241,110.096757352565
1244,106.819724792859
1246,91.9072692333853
1247,110.079763459084
1250,110.079763459084
1251,90.6791728340705
1254,109.708117646644
1255,94.9860796996591
1256,110.556848852394
1257,91.1566857359576
1258,90.3676312627994
1259,110.096757352565
1260,95.9275236997741
1263,110.096757352565
1267,77.38189562393
1268,110.275167797605
1271,96.0181446557937
1272,110.096757352565
1274,105.381997043435
1275,96.0181446557937
1276,110.096757352565
1277,91.6714064506979
1279,91.4109909793478
1281,94.6745381283879
1282,91.9780917561074
1283,110.079763459084
1285,109.484977187253
1286,91.9780917561074
1289,109.484977187253
1296,110.321541424454
1299,91.5809299141567
1301,94.8954587436395
1306,91.7742503639806
1307,94.9860796996591
1308,91.4109909793478
1313,110.096757352565
1314,96.1879391711242
1315,110.096757352565
1316,91.4109909793478
1317,110.096757352565
1319,91.6714064506979
1323,96.097462634583
1324,105.178070321664
1325,94.9860796996591
1328,105.563230738657
1329,96.2849986216959
1330,110.079763459084
1331,94.8089816191787
1332,104.968444466826
1337,95.9275236997741
1338,110.095249695508
1339,90.7760878651639
1340,110.079763459084
1343,109.915331593412
1347,104.968444466826
1348,94.9860796996591
1349,105.178070321664
1352,91.4109909793478
1354,96.3073636288713
1359,109.484977187253
1360,96.097462634583
1363,110.096757352565
1364,95.0236505683384
1365,105.381997043435
1366,95.9275236997741
1372,95.9275236997741
1375,105.432786659947
1376,94.7651590844075
1378,90.7760878651639
1379,109.614930116746
1380,96.097462634583
1381,104.968444466826
1384,112.937189907756
1387,91.5809299141567
1388,109.484977187253
1392,76.9966237748821
1394,106.756357272529
1395,95.9275236997741
1396,110.096757352565
1398,94.934953599738
1399,110.096757352565
1400,91.8810323055357
1401,92.6974172999425
1403,94.7651590844075
1404,113.32654180076
1406,110.096757352565
1407,94.7651590844075
1408,110.096757352565
1410,77.38189562393
1412,110.096757352565
1413,96.1879391711242
1415,96.1879391711242
1420,110.096757352565
1422,110.457292164109
1423,108.968653254729
1424,110.096757352565
1425,95.9275236997741
1426,77.38189562393
1427,96.1880835906026
1429,90.5722464730371
1430,110.079763459084
1431,96.3073636288713
1432,104.968444466826
1434,109.484977187253
1437,96.0181446557937
1438,105.381997043435
1440,109.484977187253
1441,110.079763459084
1442,94.9860796996591
1444,110.096757352565
1445,96.1879391711242
1446,105.381997043435
1448,90.4184208793117
1453,91.6527689447184
1454,110.096757352565
1455,96.0181446557937
1456,113.107128842565
1458,110.096757352565
1459,91.6714064506979
1461,94.6745381283879
1465,91.5809299141567
1466,109.484977187253
1469,96.097462634583
1472,91.6527689447184
1474,94.7651590844075
1477,110.944067856781
1479,110.245347788038
1482,90.3676312627994
1483,77.6021563137274
1487,96.290783084407
1488,110.079763459084
1490,109.484977187253
1492,112.937189907756
1494,116.017096774194
1496,105.729465870887
1497,95.1372367090101
1499,96.2141760989739
1502,94.9860796996591
1507,113.270629282821
1508,91.4109909793478
1509,110.245347788038
1511,91.6714064506979
1512,110.286350301193
1513,116.017096774194
1514,105.60141000163
1518,109.484977187253
1519,91.7684659012696
1522,109.484977187253
1524,77.6021563137274
1527,94.9860796996591
1529,91.7684659012696
1532,104.968444466826
1536,109.484977187253
1537,116.017096774194
1539,106.328334967335
1542,110.096757352565
1543,94.7651590844075
1544,105.381997043435
1545,79.3830137713939
1550,94.7651590844075
1551,110.095249695508
1554,105.571589992063
1556,105.381997043435
1559,91.1566857359576
1560,77.6021563137274
1562,96.1880835906026
1566,91.7684659012696
1567,109.484977187253
1569,104.968444466826
1570,112.002315460574
1571,109.484977187253
1574,91.4109909793478
1578,105.381997043435
1580,91.7742503639806
1583,110.275167797605
1584,91.4109909793478
1585,110.286350301193
1586,91.7905557689945
1587,109.484977187253
1588,91.7684659012696
1590,116.017096774194
1592,105.172371188597
1596,113.32654180076
1598,109.875836737313
1599,94.7651590844075
1604,112.937189907756
1606,105.172371188597
1607,96.1879391711242
1608,105.32096162407
1609,116.017096774194
1611,96.1693016651447
1613,95.9275236997741
1616,96.3392405999536
1619,109.484977187253
1620,91.6715508701763
1621,109.484977187253
1622,94.9860796996591
1625,110.066432614048
1627,116.017096774194
1629,110.096757352565
1634,96.2141760989739
1636,94.9860796996591
1638,104.968444466826
1639,94.9860796996591
1641,96.1880835906026
1643,95.9275236997741
1644,105.493747507678
1645,116.017096774194
1646,94.6745381283879
1647,105.571589992063
1648,96.2849986216959
1652,91.7742503639806
1653,109.484977187253
1656,91.7684659012696
1658,94.7651590844075
1659,110.096757352565
1661,94.6745381283879
1663,96.1879391711242
1664,110.096757352565
1665,96.0181446557937
1666,105.381997043435
1667,105.350781633637
1668,77.6021563137274
1669,105.32096162407
1670,95.9275236997741
1672,109.484977187253
1674,109.708117646644
1677,110.079763459084
1678,91.9780917561074
1679,109.484977187253
1680,91.7905557689945
1683,104.968444466826
1686,104.968444466826
1687,110.457292164109
1689,110.096757352565
1690,91.6714064506979
1691,116.017096774194
1692,109.484977187253
1693,91.4109909793478
1695,94.7651590844075
1696,91.6527689447184
1697,110.096757352565
1700,105.381997043435
1701,96.290783084407
1702,109.484977187253
1703,91.7684659012696
1704,110.079763459084
1706,96.3578781059331
1707,109.614930116746
1708,96.2849986216959
1710,96.2849986216959
1711,104.968444466826
1713,105.563230738657
1717,104.968444466826
1719,105.381997043435
1720,94.7651590844075
1722,96.0181446557937
1725,105.172371188597
1726,96.2849986216959
1727,106.16439425088
1729,109.484977187253
1730,91.7742503639806
1731,109.484977187253
1733,105.381997043435
1734,96.0181446557937
1735,110.457292164109
1738,95.9275236997741
1742,94.8954587436395
1745,109.708117646644
1747,96.290783084407
1749,96.2849986216959
1751,96.2849986216959
1752,77.6021563137274
1753,105.361964137225
1754,94.934953599738
1755,96.1879391711242
1756,106.689262251002
1758,110.03933717757
1759,96.0181446557937
1760,106.610098938021
1761,110.096757352565
1762,91.6714064506979
1763,110.275167797605
1764,97.2553614143355
1766,96.3073636288713
1768,94.9860796996591
1769,77.38189562393
1771,110.079763459084
1772,95.1372367090101
1773,104.968444466826
1774,96.2348705664685
1775,110.079763459084
1777,109.484977187253
1779,96.0181446557937
1780,106.610098938021
1787,91.7684659012696
1788,95.0829947307524
1790,96.2849986216959
1796,109.484977187253
1801,91.7684659012696
1803,96.2849986216959
1807,109.484977187253
1809,110.226710282058
1812,94.9860796996591
1813,109.614930116746
1814,91.5809299141567
1815,110.079763459084
1816,92.8487187287719
1818,90.2486263639812
1820,91.6714064506979
1821,114.362307692308
1822,96.1879391711242
1825,94.9860796996591
1826,104.968444466826
1828,96.2849986216959
1831,104.968444466826
1836,113.178967873126
1837,94.9860796996591
1841,94.7651590844075
1844,105.274334549482
1848,94.7771046480964
1851,106.328334967335
1852,95.0236505683384
1853,91.9780917561074
1854,110.079763459084
1856,95.1728681084705
1859,110.226710282058
1860,96.2849986216959
1861,79.181102637995
1863,104.968444466826
1865,94.9860796996591
1866,106.328334967335
1867,95.9275236997741
1868,91.7684659012696
1872,94.9860796996591
1879,95.9275236997741
1880,105.172371188597
1882,94.9860796996591
1885,104.968444466826
1887,105.172371188597
1888,96.1369574906815
1890,109.817095733722
1894,95.9275236997741
1895,105.172371188597
1896,96.2849986216959
1897,110.079763459084
1900,109.633567622726
1901,91.1566857359576
1902,109.614930116746
1905,90.7052653424418
1906,109.484977187253
1912,105.381997043435
1915,96.2849986216959
1916,104.968444466826
1917,96.2849986216959
1918,104.968444466826
1920,77.6021563137274
1923,94.5109868151132
1924,105.191584926217
1925,96.2849986216959
1930,116.017096774194
1932,110.096757352565
1933,94.4366236196555
1934,110.143707211055
1935,91.1566857359576
1940,77.38189562393
1941,95.0829947307524
1942,110.079763459084
1943,91.2109277142153
1944,90.5664620103261
1945,113.479486842088
1948,116.017096774194
1949,91.6714064506979
1952,94.6745381283879
1954,91.4109909793478
1955,110.096757352565
1958,91.6527689447184
1959,77.192302675302
1960,110.275167797605
1963,96.1879391711242
1965,95.0738691886798
1968,105.414149153968
1969,95.0236505683384
1971,96.1879391711242
1972,109.484977187253
1973,91.7684659012696
1975,91.7684659012696
1977,94.8954587436395
1978,92.8487187287719
1979,110.079763459084
1981,91.7684659012696
1982,109.484977187253
1987,109.484977187253
1988,91.7684659012696
1993,94.9124526371204
1997,95.0829947307524
1999,96.2849986216959
2001,95.9275236997741
2002,114.362307692308
2003,91.9072692333853
2004,78.5971411364948
2006,110.079763459084
2007,96.2924536240877
2009,106.610098938021
2010,96.0181446557937
2013,95.9275236997741
2018,77.192302675302
2022,105.74437587567
2024,110.944067856781
2025,96.1879391711242
2026,105.48396040432
2030,106.610098938021
2031,94.934953599738
2032,105.381997043435
2033,96.2849986216959
2035,90.3789260232132
2036,110.079763459084
2037,91.9780917561074
2040,95.9275236997741
2043,110.079763459084
2044,106.40617221625
2046,105.563230738657
2054,112.209128388695
2055,94.934953599738
2056,106.610098938021
2059,91.6714064506979
2060,91.1566857359576
2062,90.5983389814084
2063,110.079763459084
2066,95.9275236997741
2067,110.457292164109
2072,91.9072692333853
2073,110.096757352565
2074,91.5409439088415
2075,110.119258315182
2076,94.7771046480964
2080,90.848967349401
2082,91.1566857359576
2085,110.119258315182
2087,110.286350301193
2091,110.096757352565
2092,95.9275236997741
2093,106.610098938021
2098,94.7934953827541
2101,110.275167797605
2102,90.2486263639812
2103,77.38189562393
2105,106.328334967335
2106,96.0181446557937
2107,110.357172823915
2110,95.1558742149896
2114,92.8487187287719
2115,110.079763459084
2117,77.192302675302
2118,95.6732184563839
2119,104.968444466826
2120,96.2849986216959
2122,91.5809299141567
2123,109.484977187253
2126,96.1879391711242
2127,105.172371188597
2128,94.7651590844075
2129,110.096757352565
2132,94.8044910578816
2135,105.381997043435
2138,94.8954587436395
2139,116.017096774194
2141,112.937189907756
2142,95.0829947307524
2146,95.9275236997741
2151,109.484977187253
2157,105.48396040432
2159,110.357172823915
2162,96.0181446557937
2164,116.017096774194
2167,90.5664620103261
2168,109.484977187253
2171,90.3789260232132
2173,96.1879391711242
2174,105.381997043435
2175,94.9860796996591
2178,96.0181446557937
2180,95.9275236997741
2185,109.484977187253
2189,91.9855467584992
2190,110.457292164109
2192,105.172371188597
2194,114.362307692308
2200,113.178967873126
2201,91.9072692333853
2203,109.484977187253
2204,91.9072692333853
2205,109.614930116746
2209,112.937189907756
2213,104.968444466826
2214,94.9860796996591
2215,110.079763459084
2216,91.9072692333853
2218,95.0829947307524
2219,104.968444466826
2220,96.097462634583
2222,91.1566857359576
2223,110.096757352565
2225,110.096757352565
2226,92.0509712403446
2230,94.6745381283879
2233,110.457292164109
2234,109.614930116746
2235,91.9072692333853
2236,77.6021563137274
2237,95.0829947307524
2240,114.362307692308
2241,91.4109909793478
2248,105.381997043435
2249,95.9275236997741
2250,110.342262819131
2252,109.484977187253
2253,91.9072692333853
2254,109.484977187253
2256,77.6021563137274
2258,91.2295652201948
2259,110.024427172786
2262,95.9275236997741
2265,96.0181446557937
2266,105.381997043435
2269,94.6745381283879
2271,96.3073636288713
2273,91.9780917561074
2274,110.332287691469
2275,91.9072692333853
2277,94.9860796996591
2279,91.9072692333853
2280,77.6021563137274
2282,95.9275236997741
2283,105.172371188597
2288,91.7684659012696
2289,113.107128842565
2291,96.2849986216959
2292,116.017096774194
2297,96.097462634583
2298,104.968444466826
2299,95.0775966898757
2300,109.484977187253
2301,91.7684659012696
2304,94.934953599738
2305,105.172371188597
2306,95.9275236997741
2308,94.7771046480964
2309,110.342262819131
2311,94.9124526371204
2312,105.530587478908
2316,105.172371188597
2321,104.968444466826
2322,110.079763459084
2325,104.968444466826
2326,94.7771046480964
2329,116.017096774194
2330,94.9860796996591
2331,104.968444466826
2332,110.457292164109
2333,95.9275236997741
2334,105.172371188597
2335,110.556848852394
2337,109.726755152623
2338,90.588551878051
2340,110.457292164109
2342,91.7684659012696
2345,92.678779793963
2349,91.4109909793478
2351,77.6021563137274
2352,96.2849986216959
2354,110.096757352565
2355,110.096757352565
2357,110.096757352565
2358,92.678779793963
2360,95.9275236997741
2361,110.096757352565
2364,94.9860796996591
2366,96.3578781059331
2369,106.610098938021
2370,95.9275236997741
2371,110.457292164109
2373,113.32654180076
2374,94.6745381283879
2376,109.484977187253
2378,112.937189907756
2382,96.3073636288713
2383,91.9780917561074
2386,104.968444466826
2387,96.2087780580972
2389,90.6791728340705
2390,113.107128842565
2392,91.6341314387389
2398,110.457292164109
2399,96.2849986216959
2400,91.9072692333853
2401,109.875836737313
2402,94.7651590844075
2404,91.1445957527903
2407,113.32654180076
2408,110.944067856781
2409,110.245347788038
2412,77.192302675302
2413,96.097462634583
2415,95.0829947307524
2420,113.32654180076
2422,94.6745381283879
2423,105.172371188597
2426,96.2849986216959
2432,94.9860796996591
2434,91.7742503639806
2435,90.6791728340705
2436,110.079763459084
2438,112.937189907756
2440,110.079763459084
2443,94.6745381283879
2444,91.6714064506979
2447,105.381997043435
2450,96.1879391711242
2454,90.588551878051
2455,110.079763459084
2459,95.9275236997741
2460,110.319897811956
2463,94.6745381283879
2465,91.6206168341856
2468,77.38189562393
2469,91.9072692333853
2474,90.7760878651639
2478,94.7651590844075
2480,91.6714064506979
2481,114.362307692308
2489,95.9275236997741
2490,106.610098938021
2492,91.1566857359576
2496,95.9275236997741
2497,110.260257792821
2500,96.2849986216959
2505,95.9275236997741
2507,90.3789260232132
2508,109.614930116746
2509,96.2849986216959
2510,81.5583307741837
2513,91.7684659012696
2515,95.9275236997741
2518,91.9780917561074
2519,112.937189907756
2520,91.9780917561074
2521,109.726755152623
2523,110.069157187137
2525,95.1558742149896
2529,109.614930116746
2530,91.9072692333853
2533,113.107128842565
2535,90.4184208793117
2538,105.365691638421
2544,113.107128842565
2553,109.484977187253
2556,95.0829947307524
2558,91.7684659012696
2559,112.937189907756
2560,94.9860796996591
2561,109.484977187253
2562,91.9855467584992
2563,109.484977187253
2564,91.7742503639806
2565,110.457292164109
2567,106.368320972651
2572,94.934953599738
2575,96.2849986216959
2576,109.484977187253
2577,90.7760878651639
2578,96.0181446557937
2579,109.875836737313
2580,90.4695469792327
2582,110.079763459084
2583,91.8413453855068
2587,95.0829947307524
2589,109.484977187253
2590,94.5780818366393
2591,109.614930116746
2594,91.2109277142153
2597,95.9275236997741
2598,105.381997043435
2599,96.1369574906815
2600,105.467654999306
2602,113.260073883893
2603,94.934953599738
2604,106.628736444001
2606,110.100620809203
2607,77.6021563137274
2608,91.9072692333853
2613,109.614930116746
2614,91.759340359197
2615,110.079763459084
2617,110.079763459084
2620,91.5809299141567
2623,109.614930116746
2624,92.8487187287719
2627,109.614930116746
2629,77.6021563137274
2630,90.4695469792327
2632,96.290783084407
2636,92.8487187287719
2639,94.3176663652892
2640,104.968444466826
2642,109.614930116746
2644,105.381997043435
2646,109.988795773326
2647,92.8487187287719
2649,95.1558742149896
2650,105.172371188597
2652,105.381997043435
2653,105.417876655164
2655,105.563230738657
2657,110.457292164109
2659,110.096757352565
2662,91.9780917561074
2663,114.362307692308
2664,95.9275236997741
2665,105.381997043435
2670,95.1558742149896
2671,104.968444466826
2672,95.6732184563839
2675,105.381997043435
2677,110.119258315182
2679,110.357172823915
2683,110.079763459084
2684,92.8487187287719
2685,94.8954587436395
2688,104.968444466826
2689,96.097462634583
2690,105.563230738657
2693,94.4082873213088
2694,109.726755152623
2697,98.9
2699,96.2849986216959
2703,91.2109277142153
2705,104.968444466826
2709,78.2415243129168
2710,95.0887791934634
2711,110.079763459084
2712,95.6732184563839
2713,95.9275236997741
2714,110.245347788038
2715,90.5573364682535
2717,91.7684659012696
2718,113.090134949084
2720,109.484977187253
2721,95.1558742149896
2726,96.2141760989739
2728,94.9860796996591
2731,105.172371188597
2732,110.096757352565
2734,92.678779793963
2736,105.381997043435
2737,95.9275236997741
2738,105.172371188597
2739,110.357172823915
2746,95.0829947307524
2749,105.172371188597
2751,116.017096774194
2752,105.563230738657
2753,94.9860796996591
2757,106.610098938021
2758,96.2849986216959
2759,110.332287691469
2760,94.5780818366393
2762,110.079763459084
2764,96.2849986216959
2765,112.937189907756
2769,110.096757352565
2771,110.079763459084
2774,92.8487187287719
2776,91.4109909793478
2777,113.367544313915
2778,91.1566857359576
2779,110.079763459084
2782,91.1566857359576
2784,90.848967349401
2787,90.3676312627994
2789,96.1183199847021
2792,95.9275236997741
2798,96.1879391711242
2799,105.381997043435
2800,95.1558742149896
2801,77.4340806406726
2802,91.2295652201948
2804,94.9860796996591
2807,105.381997043435
2808,95.9275236997741
2809,113.32654180076
2811,116.017096774194
2812,94.9860796996591
2814,91.7684659012696
2816,95.1558742149896
2817,110.096757352565
2818,110.944067856781
2820,110.095249695508
2821,75.8705284097072
2822,96.2141760989739
2823,104.968444466826
2824,95.1558742149896
2826,91.6922453376709
2829,91.1566857359576
2834,94.9860796996591
2835,77.192302675302
2838,95.9275236997741
2839,110.096757352565
2840,90.2486263639812
2841,110.069157187137
2842,95.9275236997741
2846,112.291651925948
2848,96.097462634583
2849,90.5722464730371
2850,110.245347788038
2851,96.0181446557937
2853,91.3663115907954
2854,109.614930116746
2858,110.079763459084
2861,96.097462634583
2864,91.1566857359576
2865,114.362307692308
2866,109.484977187253
2867,90.4695469792327
2868,109.484977187253
2870,109.484977187253
2877,94.5780818366393
2878,109.614930116746
2880,109.484977187253
2882,77.6021563137274
2883,96.3578781059331
2884,104.968444466826
2885,94.9860796996591
2887,95.9275236997741
2888,109.858842843832
2889,96.1879391711242
2890,105.381997043435
2891,94.9124526371204
2892,116.017096774194
2893,92.678779793963
2898,110.096757352565
2899,94.6745381283879
2900,110.096757352565
2901,91.7684659012696
2909,96.097462634583
2910,109.484977187253
2911,109.875836737313
2913,110.357172823915
2914,96.3541506047372
2918,91.2954890680733
2919,110.079763459084
2920,91.9780917561074
2921,109.614930116746
2922,95.7274604346416
2923,105.32096162407
2925,113.32654180076
2926,90.4695469792327
2927,109.614930116746
2929,109.484977187253
2933,90.5664620103261
2934,109.745392658603
2936,113.32654180076
2941,105.642412514785
2942,95.0887791934634
2943,110.332287691469
2945,105.563230738657
2950,91.7684659012696
2951,109.484977187253
2953,112.937189907756
2954,94.8954587436395
2955,104.968444466826
2956,96.1880835906026
2960,96.3073636288713
2962,94.7771046480964
2963,106.819724792859
2964,105.381997043435
2966,77.6021563137274
2967,92.8487187287719
2968,110.340178930434
2969,91.7684659012696
2971,90.4184208793117
2972,96.097462634583
2974,94.6745381283879
2975,110.245347788038
2977,116.017096774194
2980,109.484977187253
2981,91.9780917561074
2983,95.9275236997741
2984,106.628736444001
2985,116.017096774194
2986,106.628736444001
2987,96.097462634583
2989,95.6732184563839
2990,109.484977187253
2991,94.5780818366393
2992,77.38189562393
2995,98.9
2996,105.422924984956
3002,112.858183565966
3004,110.096757352565
3005,116.017096774194
3006,96.2849986216959
3010,96.3578781059331
3011,105.172371188597
3014,90.4695469792327
3015,91.4109909793478
3016,96.0181446557937
3017,113.254075665539
3018,90.3997833733322
3021,105.172371188597
3024,105.381997043435
3028,95.0829947307524
3030,91.1566857359576
3032,95.1558742149896
3039,96.2849986216959
3040,105.563230738657
3041,95.1558742149896
3043,91.4391910750325
3044,109.484977187253
3046,110.069157187137
3055,90.2486263639812
3056,110.096757352565
3058,91.9780917561074
3059,112.937189907756
3061,116.017096774194
3063,105.172371188597
3066,95.9275236997741
3067,105.381997043435
3068,77.6021563137274
3069,95.1558742149896
3072,116.017096774194
3073,109.484977187253
3074,96.2087780580972
3077,91.7684659012696
3082,91.9205086984882
3084,98.9
3085,110.340178930434
3088,105.381997043435
3091,90.7760878651639
3092,109.484977187253
3093,96.2087780580972
3094,105.172371188597
3096,110.143707211055
3097,91.7742503639806
3098,77.6021563137274
3102,116.017096774194
3106,91.9780917561074
3109,91.2109277142153
3111,90.5722464730371
3112,116.017096774194
3113,95.1558742149896
3115,91.9072692333853
3116,110.079763459084
3117,91.7905557689945
3121,110.357172823915
3122,91.4109909793478
3123,96.2849986216959
3124,106.610098938021
3125,96.0181446557937
3126,105.172371188597
3127,116.017096774194
3129,91.7684659012696
3130,109.484977187253
3132,105.921447028968
3134,106.40617221625
3135,96.3073636288713
3137,79.1079446899034
3138,94.5780818366393
3140,94.2024665367442
3144,109.726755152623
3145,96.2141760989739
3146,110.079763459084
3147,95.1558742149896
3148,104.968444466826
3149,104.968444466826
3150,109.484977187253
3151,91.2109277142153
3152,95.9275236997741
3155,90.3789260232132
3156,110.245347788038
3159,91.7684659012696
3161,96.097462634583
3162,104.968444466826
3163,96.3578781059331
3165,105.172371188597
3172,91.5809299141567
3173,110.340178930434
3176,94.8089816191787
3177,105.172371188597
3179,110.245347788038
3183,91.4109909793478
3186,96.2849986216959
3187,105.172371188597
3189,109.875836737313
3190,92.678779793963
3192,116.017096774194
3193,91.5809299141567
3194,109.484977187253
3197,96.0181446557937
3198,94.9860796996591
3200,91.9072692333853
3201,116.017096774194
3202,94.9860796996591
3204,95.9275236997741
3205,91.9780917561074
3206,109.726755152623
3208,104.968444466826
3210,105.172371188597
3211,95.9275236997741
3212,116.017096774194
3213,95.0829947307524
3214,110.275167797605
3216,105.381997043435
3219,91.7684659012696
3220,112.937189907756
3221,95.1558742149896
3226,105.178070321664
3227,96.097462634583
3228,110.944067856781
3229,92.678779793963
3232,77.38189562393
3233,96.2849986216959
3234,95.0829947307524
3236,95.9275236997741
3238,109.614930116746
3239,110.286350301193
3240,90.1580054079616
3247,110.079763459084
3249,105.172371188597
3252,110.095249695508
3253,95.9275236997741
3254,105.48396040432
3255,94.6745381283879
3256,112.858183565966
3257,92.678779793963
3262,95.9275236997741
3263,105.381997043435
3264,96.1880835906026
3266,109.484977187253
3267,95.485682469271
3269,94.6745381283879
3272,116.017096774194
3274,96.0181446557937
3275,106.440160003212
3277,94.8954587436395
3279,96.3392405999536
3280,104.968444466826
3283,96.1693016651447
3285,95.9275236997741
3287,97.5243654536689
3288,105.381997043435
3290,106.628736444001
3291,95.0829947307524
3298,109.484977187253
3299,94.9860796996591
3302,113.331912914454
3303,96.2924536240877
3304,106.42480972223
3307,95.0829947307524
3309,91.1445957527903
3314,77.6021563137274
3316,109.484977187253
3317,96.2849986216959
3319,91.9072692333853
3320,110.079763459084
3321,96.2849986216959
3322,105.563230738657
3324,91.7684659012696
3326,91.1566857359576
3329,110.069157187137
3330,91.7742503639806
3331,110.079763459084
3335,116.017096774194
3337,95.9275236997741
3338,106.487091398556
3339,96.1693016651447
3340,109.875836737313
3341,91.2295652201948
3343,90.848967349401
3346,90.4695469792327
3348,96.2849986216959
3351,105.381997043435
3352,116.017096774194
3355,91.7684659012696
3356,109.614930116746
3358,106.756357272529
3359,95.0236505683384
3360,109.996250775718
3371,110.340178930434
3372,95.1558742149896
3374,96.3392405999536
3377,109.745392658603
3378,90.5664620103261
3380,104.968444466826
3382,96.097462634583
3386,94.9860796996591
3389,109.745392658603
3391,104.968444466826
3393,94.5780818366393
3394,104.968444466826
3395,96.2849986216959
3397,109.614930116746
3398,96.2141760989739
3399,79.3830137713939
3400,96.2849986216959
3404,104.968444466826
3407,109.484977187253
3409,105.563230738657
3419,94.8954587436395
3421,91.2954890680733
3425,96.1693016651447
3427,78.3337921337791
3428,116.017096774194
3429,109.484977187253
3431,90.1580054079616
3435,94.7651590844075
3436,110.245347788038
3439,92.0323337343651
3441,90.3789260232132
3442,116.017096774194
3443,95.9275236997741
3444,105.172371188597
3445,94.934953599738
3446,113.124122736045
3449,91.1566857359576
3453,95.0829947307524
3457,95.1558742149896
3460,105.381997043435
3461,94.7934953827541
3462,91.6527689447184
3464,105.172371188597
3465,77.6021563137274
3466,96.2849986216959
3467,105.172371188597
3468,95.9275236997741
3469,105.381997043435
3470,105.417876655164
3472,109.614930116746
3473,91.5809299141567
3475,90.6791728340705
3476,109.484977187253
3478,104.968444466826
3479,94.5594443306598
3483,95.0829947307524
3484,104.968444466826
3485,96.3073636288713
3487,90.6791728340705
3488,109.484977187253
3496,110.096757352565
3497,94.6745381283879
3499,96.3073636288713
3500,77.6021563137274
3501,96.2849986216959
3504,96.2849986216959
3508,106.610098938021
3511,91.4109909793478
3512,112.291651925948
3515,91.6714064506979
3517,94.934953599738
3518,105.417876655164
3526,110.096757352565
3528,113.260073883893
3529,90.1580054079616
3530,109.875836737313
3531,91.6527689447184
3532,113.124122736045
3533,92.678779793963
3534,95.1558742149896
3535,77.6021563137274
3536,91.9072692333853
3537,109.484977187253
3538,95.0829947307524
3539,110.944067856781
3540,105.563230738657
3545,109.484977187253
3546,91.7684659012696
3550,105.563230738657
3551,95.0121722080303
3553,96.1879391711242
3554,105.381997043435
3557,95.0829947307524
3558,110.079763459084
3559,91.1566857359576
3561,95.0829947307524
3562,109.614930116746
3563,96.2849986216959
3564,105.381997043435
3565,94.934953599738
3567,91.4109909793478
3571,105.381997043435
3572,95.9275236997741
3574,96.097462634583
3576,94.9860796996591
3577,109.484977187253
3578,96.2849986216959
3579,94.9860796996591
3583,95.1558742149896
3585,96.097462634583
3586,104.968444466826
3587,109.484977187253
3593,90.848967349401
3594,112.937189907756
3595,96.2849986216959
3599,96.1879391711242
3600,105.381997043435
3601,109.614930116746
3602,91.1566857359576
3604,95.1372367090101
3609,116.017096774194
3610,110.079763459084
3612,109.484977187253
3614,110.321541424454
3615,94.9860796996591
3617,96.3392405999536
3618,110.079763459084
3619,109.484977187253
3620,109.484977187253
3621,94.9860796996591
3625,94.6970390910055
3626,105.172371188597
3630,105.172371188597
3631,94.6745381283879
3632,106.838362298838
3633,96.2849986216959
3634,110.079763459084
3637,95.0829947307524
3639,92.8487187287719
3640,110.079763459084
3641,90.848967349401
3644,109.614930116746
3645,94.9860796996591
3646,92.678779793963
3647,90.7760878651639
3648,109.614930116746
3653,109.484977187253
3654,91.9072692333853
3655,110.079763459084
3659,105.172371188597
3660,95.9275236997741
3662,110.357172823915
3666,90.7052653424418
3668,95.7460979406211
3671,91.5809299141567
3673,91.4109909793478
3674,110.260257792821
3675,92.678779793963
3681,91.3663115907954
3682,109.484977187253
3686,110.275167797605
3687,90.1580054079616
3692,81.2253090983772
3695,110.079763459084
3696,94.4082873213088
3699,109.726755152623
3705,112.274217756268
3707,77.38189562393
3708,96.2849986216959
3709,109.484977187253
3710,94.9860796996591
3712,95.9275236997741
3715,109.484977187253
3716,94.9860796996591
3720,109.745392658603
3722,77.38189562393
3726,96.2849986216959
3728,91.5809299141567
3729,110.096757352565
3731,105.172371188597
3735,110.079763459084
3736,92.8487187287719
3739,105.172371188597
3741,109.484977187253
3743,104.968444466826
3744,96.2849986216959
3745,109.484977187253
3746,94.8954587436395
3751,92.678779793963
3753,94.8329902388527
3760,110.096757352565
3761,92.678779793963
3762,110.069157187137
3763,91.4109909793478
3765,92.678779793963
3768,109.614930116746
3769,94.9860796996591
3770,105.823646210008
3773,109.484977187253
3774,96.1880835906026
3776,96.1879391711242
3778,91.6527689447184
3779,110.143707211055
3780,95.0829947307524
3781,109.726755152623
3782,91.7905557689945
3783,109.614930116746
3784,95.0738691886798
3786,96.2849986216959
3789,110.208072776079
3790,94.9163160937585
3793,110.079763459084
3795,109.484977187253
3797,95.9275236997741
3798,116.017096774194
3800,110.245347788038
3804,96.1880835906026
3810,96.3392405999536
3815,109.484977187253
3816,96.1880835906026
3818,105.381997043435
3824,109.614930116746
3828,105.48396040432
3830,109.484977187253
3831,96.3392405999536
3832,77.6021563137274
3834,109.484977187253
3835,91.9780917561074
3836,110.275167797605
3838,95.9275236997741
3839,116.017096774194
3840,110.079763459084
3845,92.678779793963
3846,110.096757352565
3847,94.934953599738
3849,77.6021563137274
3853,110.079763459084
3855,106.610098938021
3856,95.9275236997741
3864,78.2415243129168
3865,96.2849986216959
3866,110.079763459084
3867,91.2109277142153
3868,110.245347788038
3869,96.1879391711242
3871,90.6791728340705
3875,105.48396040432
3876,91.5809299141567
3878,95.0829947307524
3879,109.484977187253
3881,110.245347788038
3883,110.31617031076
3884,91.1445957527903
3886,109.745392658603
3890,96.216233060489
3893,109.858842843832
3897,106.628736444001
3901,91.6527689447184
3902,110.275167797605
3913,109.915331593412
3914,91.9780917561074
3916,91.8413453855068
3917,109.484977187253
3924,106.328334967335
3925,96.1693016651447
3928,96.3578781059331
3929,109.484977187253
3932,96.1369574906815
3933,105.381997043435
3934,76.7548458095116
3935,91.1566857359576
3936,96.0181446557937
3937,110.096757352565
3938,90.4184208793117
3939,110.275167797605
3943,90.7760878651639
3944,109.614930116746
3945,109.484977187253
3946,94.5052023524021
3947,110.079763459084
3948,92.8487187287719
3949,109.614930116746
3950,95.1558742149896
3951,110.286350301193
3952,91.6527689447184
3953,110.136252208663
3961,114.362307692308
3962,91.4109909793478
3966,95.1558742149896
3967,104.968444466826
3968,96.097462634583
3969,110.079763459084
3970,96.3073636288713
3971,106.610098938021
3973,95.0850516922675
3974,109.614930116746
3975,110.079763459084
3977,91.7684659012696
3979,110.079763459084
3985,94.8954587436395
3986,104.968444466826
3988,110.275167797605
3991,95.9275236997741
3992,105.381997043435
3993,94.9124526371204
3994,91.9072692333853
3995,109.484977187253
4005,110.079763459084
4007,94.9860796996591
4008,104.968444466826
4009,96.2348705664685
4010,109.484977187253
4011,76.7548458095116
4012,95.0829947307524
4013,106.328334967335
4015,110.290077802389
4016,110.095249695508
4018,110.245347788038
4025,96.0181446557937
4026,110.245347788038
4028,109.726755152623
4029,96.1880835906026
4031,91.5809299141567
4032,109.484977187253
4033,95.0850516922675
4034,104.968444466826
4037,95.6732184563839
4038,105.172371188597
4039,94.7651590844075
4041,96.1879391711242
4042,110.286350301193
4043,95.9275236997741
4044,105.381997043435
4045,94.7771046480964
4046,109.726755152623
4047,96.2849986216959
4048,106.40617221625
4049,94.5780818366393
4051,92.8487187287719
4052,109.614930116746
4058,105.381997043435
4062,109.484977187253
4064,109.726755152623
4067,94.9860796996591
4068,77.6021563137274
4070,92.4370018285924
4072,116.017096774194
4074,109.484977187253
4075,94.8329902388527
4076,109.484977187253
4077,91.9072692333853
4078,110.245347788038
4080,105.381997043435
4082,110.100620809203
4085,94.934953599738
4086,110.357172823915
4088,110.245347788038
4089,95.0738691886798
4092,77.6021563137274
4094,91.2109277142153
4095,110.079763459084
4096,95.6732184563839
4097,104.968444466826
4102,91.4391910750325
4105,113.197605379106
4107,109.875836737313
4111,94.8954587436395
4112,105.563230738657
4113,96.2849986216959
4114,113.497988392625
4115,91.9072692333853
4116,110.079763459084
4117,94.7651590844075
4118,96.1879391711242
4119,110.096757352565
4120,92.678779793963
4122,78.5337736161646
4125,91.9780917561074
4126,110.079763459084
4129,109.484977187253
4134,110.095249695508
4137,90.848967349401
4141,105.228859938176
4142,96.2141760989739
4144,95.9275236997741
4145,106.328334967335
4146,94.7934953827541
4150,94.9860796996591
4151,79.1079446899034
4154,94.9860796996591
4156,92.678779793963
4157,110.260257792821
4159,110.095249695508
4160,92.678779793963
4161,110.143707211055
4168,96.2849986216959
4171,104.968444466826
4172,106.40617221625
4173,96.1880835906026
4175,95.0829947307524
4176,105.381997043435
4177,95.9275236997741
4178,105.172371188597
4179,94.8954587436395
4181,109.633567622726
4183,96.1880835906026
4184,109.633567622726
4185,91.9780917561074
4186,109.484977187253
4188,110.079763459084
4190,109.484977187253
4192,91.6714064506979
4193,109.858842843832
4194,109.614930116746
4195,94.5780818366393
4196,77.6021563137274
4202,96.1880835906026
4203,105.563230738657
4208,96.2849986216959
4209,109.484977187253
4210,91.2109277142153
4211,110.069157187137
4212,116.017096774194
4214,104.968444466826
4215,95.1558742149896
4216,110.260257792821
4217,91.6714064506979
4219,96.2849986216959
4222,110.096757352565
4224,78.5010200752318
4231,104.968444466826
4232,96.1880835906026
4234,91.2109277142153
4236,95.9275236997741
4237,105.381997043435
4240,95.1372367090101
4242,106.628736444001
4243,96.2849986216959
4247,91.9780917561074
4248,110.079763459084
4249,90.9691497488447
4254,105.172371188597
4263,95.1558742149896
4265,110.079763459084
4267,113.497988392625
4268,109.484977187253
4271,110.096757352565
4272,94.9860796996591
4273,109.484977187253
4274,91.9780917561074
4276,94.6745381283879
4278,96.0181446557937
4280,96.3578781059331
4281,109.484977187253
4283,90.8079648362462
4284,110.079763459084
4285,96.097462634583
4286,109.726755152623
4287,90.3789260232132
4288,109.484977187253
4289,91.2295652201948
4290,77.192302675302
4293,91.4109909793478
4296,112.937189907756
4297,91.9780917561074
4299,91.1566857359576
4303,112.332654439103
4310,96.097462634583
4312,104.968444466826
4318,105.381997043435
4320,109.784869051555
4322,91.2954890680733
4323,109.484977187253
4325,104.968444466826
4326,109.484977187253
4328,105.178070321664
4330,104.968444466826
4332,109.484977187253
4333,94.8954587436395
4335,95.7460979406211
4336,113.497988392625
4338,106.328334967335
4341,95.9275236997741
4342,105.642412514785
4344,105.381997043435
4347,95.154230602491
4348,105.381997043435
4351,104.968444466826
4352,94.9860796996591
4353,110.357172823915
4355,105.172371188597
4356,94.934953599738
4359,105.172371188597
4360,95.9275236997741
4361,94.8082185590775
4364,95.0539108541042
4365,105.381997043435
4368,96.3073636288713
4372,96.2849986216959
4374,90.5722464730371
4376,96.2849986216959
4377,104.968444466826
4380,96.2849986216959
4383,106.819724792859
4384,96.0181446557937
4385,105.417876655164
4389,91.2954890680733
4391,94.9860796996591
4392,109.745392658603
4393,91.7684659012696
4395,90.7760878651639
4396,109.614930116746
4398,109.484977187253
4399,90.588551878051
4401,91.9780917561074
4406,94.5780818366393
4408,104.968444466826
4412,105.381997043435
4415,95.9275236997741
4418,109.745392658603
4419,90.5722464730371
4420,77.6021563137274
4422,109.614930116746
4423,90.5722464730371
4425,95.9275236997741
4428,110.342262819131
4431,110.136252208663
4434,91.1566857359576
4436,94.9860796996591
4437,109.484977187253
4439,116.017096774194
4440,91.9072692333853
4441,110.079763459084
4444,96.097462634583
4445,104.968444466826
4446,95.1558742149896
4447,110.096757352565
4452,104.968444466826
4456,110.096757352565
4457,94.934953599738
4458,110.31617031076
4460,94.934953599738
4461,116.017096774194
4462,92.678779793963
4465,105.32096162407
4466,105.627502510001
4468,96.2274155640767
4469,104.968444466826
4472,109.633567622726
4475,94.7934953827541
4478,91.9072692333853
4479,110.079763459084
4480,95.1558742149896
4483,76.7548458095116
4484,95.0829947307524
4485,104.968444466826
4486,96.3073636288713
4488,94.9860796996591
4489,104.968444466826
4490,96.2849986216959
4491,108.539614441696
4492,95.9275236997741
4493,105.48396040432
4494,94.7651590844075
4495,105.172371188597
4498,79.1079446899034
4499,96.2849986216959
4500,105.172371188597
4503,109.484977187253
4505,105.32096162407
4506,95.9275236997741
4507,96.1879391711242
4508,105.381997043435
4510,109.484977187253
4511,91.7684659012696
4513,96.3073636288713
4516,77.6021563137274
4519,91.9780917561074
4521,94.8954587436395
4531,91.9780917561074
4532,77.6021563137274
4533,94.3176663652892
4534,110.079763459084
4536,105.381997043435
4537,94.934953599738
4539,95.9275236997741
4542,105.172371188597
4545,91.4109909793478
4549,91.7742503639806
4551,94.9860796996591
4554,104.968444466826
4556,109.896694087432
4559,110.079763459084
4561,109.484977187253
4562,110.095249695508
4566,112.291651925948
4569,95.0829947307524
4570,109.614930116746
4573,95.1558742149896
4574,105.32096162407
4575,95.9275236997741
4577,94.934953599738
4578,110.096757352565
4580,110.31617031076
4582,91.1566857359576
4583,109.614930116746
4585,96.2849986216959
4587,105.381997043435
4595,91.6714064506979
4596,110.096757352565
4601,91.9072692333853
4602,109.484977187253
4603,96.2849986216959
4605,110.079763459084
4606,91.8003428723519
4607,109.633567622726
4608,94.9860796996591
4610,96.3578781059331
4613,104.968444466826
4617,90.1580054079616
4618,110.096757352565
4619,91.6714064506979
4620,96.3392405999536
4622,90.1580054079616
4625,94.934953599738
4626,105.381997043435
4627,96.2849986216959
4629,90.5722464730371
4631,91.9780917561074
4633,105.381997043435
4634,110.096757352565
4635,94.7651590844075
4639,94.9860796996591
4640,105.210222432197
4642,104.968444466826
4644,110.136252208663
4646,105.381997043435
4647,96.2141760989739
4648,77.6021563137274
4649,95.0829947307524
4650,110.079763459084
4655,91.7742503639806
4660,95.1558742149896
4661,109.614930116746
4662,91.1566857359576
4663,109.484977187253
4665,91.9072692333853
4666,109.484977187253
4667,104.968444466826
4668,96.2849986216959
4670,91.6527689447184
4671,113.32654180076
4672,94.5780818366393
4673,104.968444466826
4675,104.968444466826
4676,96.2849986216959
4677,112.937189907756
4680,96.3578781059331
4682,95.1558742149896
4683,109.726755152623
4685,105.381997043435
4686,95.1728681084705
4688,109.614930116746
4690,109.745392658603
4692,110.095249695508
4693,91.4109909793478
4697,91.7742503639806
4700,110.095249695508
4702,110.095249695508
4707,116.017096774194
4708,94.934953599738
4710,80.9835311330066
4716,94.7621677161306
4717,96.3578781059331
4718,94.7651590844075
4720,96.3578781059331
4721,81.161941578047
4723,92.0323337343651
4726,109.484977187253
4727,91.7684659012696
4729,94.7651590844075
4731,91.9072692333853
4732,109.726755152623
4735,94.3176663652892
4736,104.968444466826
4737,96.2849986216959
4738,110.332287691469
4739,110.096757352565
4744,104.968444466826
4747,94.7651590844075
4749,110.260257792821
4750,94.934953599738
4752,109.614930116746
4755,96.097462634583
4756,104.968444466826
4757,109.484977187253
4758,96.2849986216959
4759,105.48396040432
4763,96.3578781059331
4764,105.48396040432
4765,94.934953599738
4766,91.7108828436504
4767,110.321541424454
4769,110.079763459084
4770,92.0323337343651
4771,81.2986557859953
4772,105.381997043435
4774,109.614930116746
4776,109.708117646644
4777,110.079763459084
4778,94.8954587436395
4780,92.678779793963
4784,92.678779793963
4786,96.3073636288713
4787,77.6021563137274
4788,95.1558742149896
4789,109.614930116746
4791,105.381997043435
4792,94.934953599738
4795,109.875836737313
4796,90.4184208793117
4803,90.4695469792327
4805,96.3578781059331
4807,95.1558742149896
4809,91.4109909793478
4816,95.0829947307524
4817,82.0872614910062
4818,91.7684659012696
4820,94.7651590844075
4821,105.172371188597
4823,109.484977187253
4824,92.8487187287719
4825,110.079763459084
4829,105.417876655164
4830,96.1880835906026
4831,109.484977187253
4833,105.642412514785
4836,91.9780917561074
4837,109.614930116746
4838,90.5722464730371
4840,92.8487187287719
4841,77.6021563137274
4842,90.5664620103261
4843,110.096757352565
4844,91.4109909793478
4849,104.968444466826
4851,106.546731417691
4852,94.934953599738
4858,90.6207039885838
4860,96.1880835906026
4863,109.484977187253
4864,92.0323337343651
4865,109.484977187253
4867,110.340178930434
4868,91.759340359197
4869,109.484977187253
4873,90.5722464730371
4875,96.097462634583
4876,110.143707211055
4877,90.3676312627994
4878,110.096757352565
4880,77.6021563137274
4886,110.079763459084
4888,104.968444466826
4889,96.2849986216959
4890,110.079763459084
4893,95.9275236997741
4895,94.9124526371204
4896,105.381997043435
4899,91.2109277142153
4901,94.3176663652892
4902,109.484977187253
4903,91.9072692333853
4904,109.614930116746
4910,90.4184208793117
4912,91.6714064506979
4915,96.3392405999536
4916,105.563230738657
4917,94.8954587436395
4920,105.381997043435
4927,104.968444466826
4928,95.0829947307524
4931,104.968444466826
4934,91.4109909793478
4936,94.934953599738
4939,112.332654439103
4942,109.484977187253
4943,96.1880835906026
4944,105.274334549482
4945,94.7934953827541
4947,110.096757352565
4948,90.4184208793117
4951,95.1558742149896
4952,109.614930116746
4953,91.2295652201948
4956,91.9072692333853
4957,110.079763459084
4958,91.3571860487228
4960,94.8329902388527
4968,94.8499841323335
4969,105.326660757137
4971,104.968444466826
4973,109.614930116746
4975,109.614930116746
4976,95.0829947307524
4978,91.4109909793478
4979,110.005789666807
4982,92.678779793963
4983,110.069157187137
4984,90.1580054079616
4985,116.017096774194
4986,91.5809299141567
4987,114.362307692308
4988,96.097462634583
4994,95.0775966898757
4995,96.1880835906026
5002,78.5755700991497
5004,94.934953599738
5005,105.172371188597
5006,95.9275236997741
5007,105.172371188597
5009,110.096757352565
5011,109.614930116746
5014,94.8954587436395
5015,105.563230738657
5018,90.1580054079616
5019,109.875836737313
5020,91.4109909793478
5021,109.875836737313
5022,94.934953599738
5023,91.5809299141567
5025,96.1880835906026
5032,91.5809299141567
5034,90.4184208793117
5036,91.6714064506979
5038,92.678779793963
5039,112.291651925948
5046,96.2087780580972
5049,109.875836737313
5051,96.2849986216959
5052,90.4695469792327
5053,109.614930116746
5054,96.1880835906026
5055,96.2849986216959
5057,94.934953599738
5059,91.6206168341856
5062,96.2274155640767
5063,110.079763459084
5065,112.820908554007
5069,94.934953599738
5071,96.3073636288713
5074,110.079763459084
5075,90.4695469792327
5076,112.369929451061
5077,77.6021563137274
5079,105.563230738657
5080,96.290783084407
5081,109.614930116746
5083,104.968444466826
5088,105.381997043435
5089,95.9275236997741
5093,110.069157187137
5094,105.172371188597
5095,95.9275236997741
5099,112.937189907756
5101,109.484977187253
5103,105.172371188597
5104,94.6745381283879
5105,109.875836737313
5107,91.7742503639806
5108,110.260257792821
5109,94.6745381283879
5111,91.4109909793478
5112,110.096757352565
5113,94.6745381283879
5114,110.119258315182
5115,92.678779793963
5118,95.9275236997741
5122,96.1880835906026
5123,77.6021563137274
5125,94.934953599738
5127,105.381997043435
5128,94.8044910578816
5129,116.017096774194
5132,95.9275236997741
5134,109.915331593412
5135,95.1558742149896
5137,110.079763459084
5142,95.0829947307524
5143,104.968444466826
5144,91.8413453855068
5148,91.4109909793478
5149,94.934953599738
5150,106.328334967335
5154,77.6021563137274
5155,92.0323337343651
5159,92.678779793963
5164,94.7934953827541
5165,110.096757352565
5166,91.4109909793478
5167,110.338535317935
5169,90.6393414945632
5171,91.7684659012696
5172,109.484977187253
5176,91.9205086984882
5184,109.817095733722
5185,91.4391910750325
5186,110.024427172786
5188,106.328334967335
5189,110.143707211055
5190,91.1445957527903
5191,110.096757352565
5193,109.484977187253
5196,96.2849986216959
5199,77.6021563137274
5200,104.968444466826
5203,90.5722464730371
5204,110.275167797605
5205,91.1445957527903
5207,94.6745381283879
5208,108.539614441696
5212,95.9275236997741
5214,94.6745381283879
5218,90.3789260232132
5220,91.2954890680733
5222,91.7684659012696
5224,96.3578781059331
5225,105.381997043435
5227,110.352922130624
5229,105.48396040432
5232,91.7684659012696
5233,116.017096774194
5234,105.283686612111
5237,109.614930116746
5239,112.937189907756
5240,91.7684659012696
5241,109.875836737313
5244,91.4109909793478
5248,109.484977187253
5251,91.7684659012696
5253,94.934953599738
5255,95.9275236997741
5256,105.632550839793
5257,95.0352733481248
5259,96.3578781059331
5260,109.484977187253
5266,94.9860796996591
5268,91.9072692333853
5275,109.614930116746
5276,110.079763459084
5277,94.5052023524021
5279,95.9275236997741
5280,105.48396040432
5281,96.2849986216959
5283,94.5370793234844
5284,77.38189562393
5285,96.1880835906026
5286,104.968444466826
5287,95.0829947307524
5289,91.9780917561074
5290,109.484977187253
5292,105.308023251158
5293,96.290783084407
5294,104.968444466826
5297,91.6714064506979
5299,105.627502510001
5302,90.848967349401
5305,77.6021563137274
5306,95.9275236997741
5308,94.7771046480964
5309,92.8487187287719
5310,109.484977187253
5312,109.484977187253
5316,110.079763459084
5317,96.2141760989739
5319,77.6021563137274
5320,96.1880835906026
5323,94.6745381283879
5329,110.357172823915
5331,110.096757352565
5334,110.079763459084
5336,109.484977187253
5338,105.381997043435
5341,94.4366236196555
5345,96.1879391711242
5348,91.9072692333853
5349,109.484977187253
5355,106.42480972223
5356,95.0121722080303
5360,104.968444466826
5362,110.069157187137
5364,110.095249695508
5366,106.42480972223
5367,95.7274604346416
5368,94.9163160937585
5370,95.7460979406211
5371,77.6021563137274
5373,104.968444466826
5375,109.614930116746
5376,90.5722464730371
5378,110.095249695508
5379,94.9124526371204
5383,94.6745381283879
5384,105.32096162407
5389,110.079763459084
5391,77.6021563137274
5393,109.484977187253
5395,110.079763459084
5397,109.484977187253
5398,95.0829947307524
5399,110.079763459084
5401,116.017096774194
5402,90.6791728340705
5403,110.079763459084
5404,91.9072692333853
5407,77.6021563137274
5408,96.2849986216959
5413,113.479486842088
5414,94.6745381283879
5417,96.2849986216959
5418,105.308023251158
5420,109.614930116746
5421,91.2295652201948
5424,94.6745381283879
5425,110.275167797605
5426,91.3542216076281
5429,110.096757352565
5431,95.9275236997741
5437,105.274334549482
5440,91.7684659012696
5444,104.968444466826
5446,105.563230738657
5447,95.0121722080303
5451,94.9860796996591
5452,89.9594434849297
5455,105.283686612111
5456,96.1879391711242
5458,90.3997833733322
5459,110.357172823915
5460,96.1879391711242
5462,96.2849986216959
5463,109.875836737313
5464,90.4184208793117
5465,110.096757352565
5466,96.3073636288713
5467,104.968444466826
5468,94.8954587436395
5469,109.484977187253
5472,94.934953599738
5474,91.4109909793478
5475,112.369929451061
5476,96.1880835906026
5479,105.48396040432
5480,109.614930116746
5482,109.633567622726
5485,91.9780917561074
5486,116.017096774194
5488,76.9332562545519
5495,105.48396040432
5496,94.9124526371204
5497,110.096757352565
5499,110.096757352565
5503,91.6714064506979
5504,94.6745381283879
5507,96.1880835906026
5509,90.588551878051
5511,91.8227078795273
5512,109.484977187253
5516,109.614930116746
5517,96.3578781059331
5518,105.172371188597
5521,96.1879391711242
5522,105.381997043435
5527,96.3073636288713
5528,95.0775966898757
5529,110.143707211055
5532,90.588551878051
5533,109.745392658603
5535,105.571589992063
5536,94.9124526371204
5540,95.0829947307524
5547,94.7651590844075
5548,109.875836737313
5550,77.6021563137274
5551,95.0829947307524
5554,110.079763459084
5555,95.1558742149896
5559,110.096757352565
5560,91.7684659012696
5561,109.484977187253
5562,90.5722464730371
5563,109.614930116746
5565,76.7548458095116
5566,94.9860796996591
5567,104.968444466826
5568,96.2849986216959
5572,96.2849986216959
5574,95.9275236997741
5576,94.8954587436395
5579,110.079763459084
5580,77.3707131203423
5581,96.2849986216959
5583,92.8487187287719
5584,110.079763459084
5586,109.484977187253
5587,91.2295652201948
5589,105.172371188597
5591,105.274334549482
5592,95.0829947307524
5593,109.745392658603
5594,96.290783084407
5595,76.7548458095116
5596,109.614930116746
5597,109.745392658603
5598,116.017096774194
5599,94.7934953827541
5602,109.484977187253
5603,96.290783084407
5605,95.0829947307524
5607,91.2109277142153
5608,110.340178930434
5609,90.7760878651639
5610,91.9072692333853
5612,95.0829947307524
5613,110.143707211055
5614,92.678779793963
5616,94.6745381283879
5621,96.2849986216959
5623,94.6745381283879
5628,114.362307692308
5629,96.1369574906815
5631,94.9124526371204
5633,96.77483420399
5638,105.172371188597
5639,95.9275236997741
5640,106.498273902144
5645,94.9860796996591
5646,77.6021563137274
5649,90.8303298434216
5653,110.245347788038
5655,110.096757352565
5656,95.0539108541042
5658,96.1879391711242
5662,116.017096774194
5663,91.7684659012696
5667,96.2849986216959
5670,94.7934953827541
5671,105.172371188597
5672,95.9275236997741
5673,105.274334549482
5674,94.6745381283879
5675,105.32096162407
5676,95.9275236997741
5679,109.614930116746
5683,110.096757352565
5687,96.290783084407
5688,77.6021563137274
5690,94.5052023524021
5691,109.484977187253
5692,91.7742503639806
5693,113.497988392625
5694,96.2849986216959
5697,110.079763459084
5698,91.7684659012696
5699,109.614930116746
5704,94.7651590844075
5707,109.614930116746
5709,105.172371188597
5710,94.934953599738
5714,94.9860796996591
5718,94.7934953827541
5721,94.934953599738
5723,92.678779793963
5724,112.820908554007
5725,94.934953599738
5726,110.119258315182
5729,96.1880835906026
5730,105.172371188597
5731,94.7651590844075
5733,77.6021563137274
5736,95.0829947307524
5741,105.530587478908
5745,109.875836737313
5747,95.9275236997741
5748,105.48396040432
5750,110.079763459084
5751,94.8954587436395
5752,96.1879391711242
5754,95.0829947307524
5755,92.0509712403446
5757,91.9072692333853
5758,116.017096774194
5760,105.48396040432
5762,105.274334549482
5766,110.069157187137
5768,96.1880835906026
5769,116.017096774194
5770,94.9860796996591
5771,109.484977187253
5772,91.8413453855068
5773,113.497988392625
5774,94.7601107546155
5776,91.7684659012696
5777,109.614930116746
5778,90.6791728340705
5780,112.291651925948
5782,95.0829947307524
5783,77.6021563137274
5784,96.1880835906026
5786,95.1558742149896
5788,96.3578781059331
5789,110.357172823915
5790,94.7934953827541
5791,105.48396040432
5793,106.505728904536
5794,94.7651590844075
5796,116.017096774194
5797,94.6745381283879
5801,94.7771046480964
5803,96.290783084407
5804,109.484977187253
5805,95.0829947307524
5806,77.6021563137274
5808,109.875836737313
5813,94.7651590844075
5815,96.2849986216959
5816,105.918042311675
5822,92.736893692895
5823,109.614930116746
5825,104.968444466826
5827,110.079763459084
5829,105.172371188597
5830,94.7934953827541
5831,110.357172823915
5832,92.678779793963
5833,109.875836737313
5837,114.362307692308
5838,95.0829947307524
5839,96.3578781059331
5842,106.498273902144
5844,109.484977187253
5845,105.417876655164
5846,112.553575054354
5848,77.6021563137274
5850,109.484977187253
5851,91.7684659012696
5853,96.1880835906026
5854,104.968444466826
5858,106.498273902144
5860,110.079763459084
5864,105.172371188597
5866,96.290783084407
5867,109.614930116746
5868,90.7760878651639
5869,109.484977187253
5870,92.8487187287719
5871,110.245347788038
5874,110.096757352565
5876,110.079763459084
5877,91.7684659012696
5878,92.678779793963
5879,109.875836737313
5880,90.1580054079616
5884,95.0829947307524
5886,110.275167797605
5890,94.3176663652892
5896,94.7934953827541
5897,105.274334549482
5898,96.1880835906026
5901,105.563230738657
5903,109.614930116746
5906,91.9072692333853
5908,109.614930116746
5909,91.2295652201948
5910,110.143707211055
5911,94.7651590844075
5912,110.095249695508
5914,110.096757352565
5919,109.614930116746
5924,92.678779793963
5926,94.934953599738
5929,105.178070321664
5930,94.5895686609835
5932,96.3578781059331
5933,110.079763459084
5934,90.6791728340705
5935,109.484977187253
5936,90.4695469792327
5937,109.484977187253
5938,91.420553569053
5939,113.260073883893
5942,110.136252208663
5943,94.934953599738
5944,106.531821412907
5946,109.614930116746
5951,91.7742503639806
5953,105.172371188597
5954,94.7651590844075
5957,105.172371188597
5961,94.6745381283879
5962,106.328334967335
5964,79.1079446899034
5965,96.290783084407
5968,110.096757352565
5969,91.6206168341856
5974,91.9072692333853
5975,110.340178930434
5978,77.6021563137274
5981,105.172371188597
5982,96.1879391711242
5983,110.024427172786
5989,112.937189907756
5991,94.934953599738
5992,105.530587478908
5995,95.9275236997741
5996,105.172371188597
5997,109.875836737313
5998,92.8487187287719
5999,79.1079446899034
6001,110.096757352565
6002,91.4109909793478
6003,110.104348310399
6004,94.7651590844075
6006,110.095249695508
6007,90.848967349401
6011,94.8954587436395
6012,104.968444466826
6014,94.7651590844075
6015,105.172371188597
6016,96.2849986216959
6017,110.079763459084
6018,96.1880835906026
6024,95.9275236997741
6025,105.381997043435
6026,112.820908554007
6028,110.096757352565
6029,77.6021563137274
6030,91.5809299141567
6036,110.096757352565
6040,95.0829947307524
6041,109.484977187253
6042,92.8487187287719
6044,94.9860796996591
6045,105.48396040432
6047,105.381997043435
6048,94.6745381283879
6049,110.136252208663
6051,116.017096774194
6052,110.340178930434
6053,91.7684659012696
6054,109.484977187253
6058,106.838362298838
6059,94.6745381283879
6062,96.1880835906026
6063,116.017096774194
6064,105.172371188597
6065,95.0829947307524
6067,91.9072692333853
6068,109.484977187253
6070,105.172371188597
6071,94.4366236196555
6072,110.275167797605
6080,110.275167797605
6081,94.6745381283879
6084,106.328334967335
6087,92.0509712403446
6089,105.172371188597
6092,110.275167797605
6094,95.0829947307524
6095,109.614930116746
6097,112.274217756268
6100,91.5809299141567
6104,104.968444466826
6105,95.0829947307524
6106,109.875836737313
6107,77.38189562393
6108,90.3676312627994
6109,110.275167797605
6110,91.6714064506979
6114,110.275167797605
6116,94.934953599738
6117,105.632550839793
6118,96.1879391711242
6123,77.6021563137274
6125,109.614930116746
6128,109.858842843832
6130,105.172371188597
6132,110.096757352565
6137,77.6021563137274
6139,110.079763459084
6140,91.9072692333853
6141,112.274217756268
6142,105.772856593495
6144,105.563230738657
6145,96.2849986216959
6146,91.6206168341856
6149,91.3663115907954
6156,96.2849986216959
6159,112.820908554007
6160,91.9072692333853
6162,104.968444466826
6164,110.31617031076
6165,90.4184208793117
6168,77.6021563137274
6169,109.875836737313
6170,96.1225146892788
6171,110.079763459084
6172,90.5664620103261
6173,110.079763459084
6176,96.1880835906026
6177,90.5664620103261
6178,96.1693016651447
6180,94.6745381283879
6181,105.48396040432
6182,95.7460979406211
6185,95.0829947307524
6186,109.484977187253
6188,109.484977187253
6189,91.9072692333853
6192,106.328334967335
6193,94.934953599738
6194,105.48396040432
6195,95.7460979406211
6196,116.017096774194
6197,95.0829947307524
6201,109.484977187253
6202,91.9072692333853
6203,110.340178930434
6204,95.0829947307524
6207,116.017096774194
6209,92.678779793963
6210,90.3789260232132
6211,109.484977187253
6213,109.484977187253
6216,90.5664620103261
6217,91.8413453855068
6219,95.0829947307524
6222,77.6021563137274
6223,94.8954587436395
6235,96.1880835906026
6240,94.9860796996591
6242,96.2849986216959
6247,94.6745381283879
6251,109.618657617942
6254,110.096757352565
6255,96.2849986216959
6260,105.172371188597
6261,94.7651590844075
6262,106.628736444001
6264,109.484977187253
6269,104.968444466826
6271,106.42480972223
6275,110.096757352565
6276,92.678779793963
6278,94.9124526371204
6279,109.875836737313
6281,109.875836737313
6284,91.9780917561074
6286,95.7460979406211
6287,79.181102637995
6288,95.1558742149896
6292,91.759340359197
6293,95.0829947307524
6295,96.2758730796234
6298,110.095249695508
6300,110.096757352565
6304,105.48396040432
6308,110.095249695508
6310,96.3578781059331
6312,110.275167797605
6320,94.7651590844075
6324,91.3663115907954
6325,110.079763459084
6330,96.3073636288713
6336,109.875836737313
6340,106.42480972223
6341,96.1880835906026
6342,105.404287478976
6344,95.0887791934634
6345,109.726755152623
6347,109.875836737313
6348,92.678779793963
6349,110.095249695508
6351,77.6021563137274
6353,109.484977187253
6354,95.0829947307524
6357,94.934953599738
6358,105.623775008805
6360,105.172371188597
6363,114.362307692308
6364,91.7684659012696
6368,112.820908554007
6370,91.4109909793478
6371,94.7651590844075
6377,91.1259582468108
6379,94.6745381283879
6381,91.9780917561074
6382,77.6021563137274
6383,109.875836737313
6388,109.484977187253
6390,109.484977187253
6392,105.172371188597
6393,94.7934953827541
6395,96.2849986216959
6398,105.172371188597
6401,77.6021563137274
6402,91.2109277142153
6403,110.143707211055
6405,91.9072692333853
6406,91.7684659012696
6407,109.614930116746
6409,105.381997043435
6411,91.6527689447184
6413,95.1728681084705
6416,106.707899756982
6417,94.8954587436395
6418,92.8487187287719
6419,116.017096774194
6420,110.096757352565
6426,109.726755152623
6429,91.5809299141567
6430,94.934953599738
6431,110.143707211055
6432,92.678779793963
6434,94.6745381283879
6437,110.096757352565
6438,96.1879391711242
6439,105.172371188597
6440,94.934953599738
6441,92.678779793963
6442,110.275167797605
6443,90.1580054079616
6445,95.9275236997741
6448,109.614930116746
6450,110.096757352565
6453,96.3392405999536
6455,95.0850516922675
6457,91.9072692333853
6458,110.136252208663
6461,96.2849986216959
6464,109.484977187253
6467,94.6745381283879
6469,96.3073636288713
6470,77.3707131203423
6471,91.9072692333853
6473,105.172371188597
6474,94.934953599738
6479,96.2849986216959
6481,91.9689662140348
6484,109.484977187253
6495,91.7684659012696
6496,110.096757352565
6505,110.364627826307
6506,96.1693016651447
6508,96.1880835906026
6509,95.1558742149896
6510,105.48396040432
6512,105.172371188597
6513,94.7651590844075
6514,110.079763459084
6515,91.9780917561074
6519,96.3578781059331
6521,94.9860796996591
6523,77.6021563137274
6525,106.498273902144
6526,94.6745381283879
6528,96.1879391711242
6529,110.357172823915
6531,104.968444466826
6533,106.328334967335
6534,94.934953599738
6535,109.614930116746
6536,91.7742503639806
6537,109.484977187253
6540,92.8487187287719
6541,109.875836737313
6547,94.9124526371204
6548,110.136252208663
6551,109.484977187253
6553,110.364627826307
6555,106.328334967335
6556,96.1880835906026
6561,77.6021563137274
6564,91.8227078795273
6565,109.614930116746
6568,95.9275236997741
6569,110.275167797605
6573,105.33959913005
6574,96.2849986216959
6577,109.484977187253
6579,114.362307692308
6581,91.6206168341856
6582,110.143707211055
6585,106.94405316092
6586,96.3578781059331
6589,105.381997043435
6590,77.6021563137274
6593,91.7905557689945
6594,110.079763459084
6595,91.7759209036614
6599,90.1580054079616
6600,92.678779793963
6601,112.5589854256
6602,91.7684659012696
6603,109.614930116746
6604,96.1225146892788
6607,104.968444466826
6608,105.178070321664
6609,96.2849986216959
6611,94.6745381283879
6613,110.275167797605
6614,91.9072692333853
6616,91.9780917561074
6617,110.275167797605
6618,94.7651590844075
6619,106.019681692813
6621,106.328334967335
6627,105.391784146792
6629,109.484977187253
6631,77.6021563137274
6634,96.2849986216959
6636,94.7651590844075
6638,95.9275236997741
6639,110.275167797605
6641,109.614930116746
6642,96.2758730796234
6651,116.017096774194
6654,80.4457416162386
6657,95.9275236997741
6663,90.6207039885838
6665,110.208072776079
6666,91.6206168341856
6668,94.7651590844075
6669,106.328334967335
6670,95.9275236997741
6671,96.3094205903864
6673,94.5780818366393
6675,92.8487187287719
6676,77.6021563137274
6677,95.1558742149896
6679,92.8487187287719
6680,110.079763459084
6681,105.48396040432
6685,105.48396040432
6688,94.934953599738
6689,91.7759209036614
6690,110.104348310399
6692,110.275167797605
6693,92.678779793963
6694,94.6745381283879
6698,116.017096774194
6699,95.0829947307524
6700,109.484977187253
6701,91.9072692333853
6702,109.484977187253
6704,91.7759209036614
6707,110.364627826307
6712,109.614930116746
6713,91.7684659012696
6715,94.3176663652892
6721,110.096757352565
6722,95.0829947307524
6723,109.484977187253
6724,91.8413453855068
6725,116.017096774194
6731,109.484977187253
6735,91.4831236894444
6736,94.3176663652892
6737,105.308023251158
6738,95.7460979406211
6739,105.530587478908
6741,105.172371188597
6743,91.759340359197
6745,94.7651590844075
6747,110.096757352565
6749,95.0829947307524
6750,104.968444466826
6751,116.017096774194
6752,94.4366236196555
6753,110.275167797605
6755,110.079763459084
6756,94.9860796996591
6757,104.968444466826
6759,109.484977187253
6761,91.9780917561074
6763,91.9072692333853
6764,116.017096774194
6765,94.9860796996591
6766,109.484977187253
6768,110.095249695508
6771,91.7759209036614
6773,95.0539108541042
6774,95.9275236997741
6778,105.178070321664
6779,96.3541506047372
6781,90.5664620103261
6784,94.8329902388527
6786,91.759340359197
6787,110.340178930434
6790,91.1445957527903
6793,105.210222432197
6795,110.275167797605
6798,109.484977187253
6806,105.534750020832
6807,95.9275236997741
6810,94.934953599738
6815,110.069157187137
6816,91.6714064506979
6817,105.432786659947
6818,94.7934953827541
6819,105.381997043435
6820,95.9275236997741
6822,90.1580054079616
6823,116.017096774194
6824,109.875836737313
6825,91.6206168341856
6828,77.6021563137274
6829,110.096757352565
6831,110.096757352565
6832,95.0829947307524
6833,110.079763459084
6834,91.9072692333853
6836,91.7905557689945
6837,109.614930116746
6838,91.7684659012696
6840,105.530587478908
6843,91.7684659012696
6845,91.7684659012696
6846,95.0829947307524
6847,110.079763459084
6851,109.745392658603
6852,91.2109277142153
6853,110.119258315182
6858,94.9124526371204
6861,109.484977187253
6863,112.5589854256
6864,77.6021563137274
6865,96.2924536240877
6866,109.614930116746
6867,96.3073636288713
6868,105.302324118091
6869,94.7934953827541
6870,109.875836737313
6874,110.069157187137
6875,92.678779793963
6877,110.095249695508
6878,91.1445957527903
6880,94.7651590844075
6883,110.095249695508
6884,90.1580054079616
6886,96.2849986216959
6890,96.2758730796234
6893,109.875836737313
6894,91.6714064506979
6899,110.095249695508
6900,91.4109909793478
6904,91.1566857359576
6905,110.079763459084
6906,90.7760878651639
6910,90.6207039885838
6912,105.530587478908
6913,109.579045269548
6920,94.9860796996591
6922,92.8487187287719
6923,110.275167797605
6926,95.9275236997741
6927,109.875836737313
6928,90.4695469792327
6931,109.962062580563
6933,94.934953599738
6936,90.5664620103261
6937,109.614930116746
6939,113.758403863975
6941,91.759340359197
6942,113.124122736045
6943,94.6745381283879
6944,105.32096162407
6945,96.1879391711242
6946,110.136252208663
6947,116.017096774194
6949,105.381997043435
6951,105.381997043435
6953,113.497988392625
6954,91.9072692333853
6955,110.079763459084
6963,110.352922130624
6964,90.3997833733322
6966,91.9072692333853
6968,95.0829947307524
6970,105.48396040432
6972,112.937189907756
6976,110.332287691469
6978,109.614930116746
6981,106.613826439217
6985,104.968444466826
6986,95.0829947307524
6987,110.096757352565
6989,110.245347788038
6991,116.017096774194
6993,113.090134949084
6994,95.0775966898757
6995,110.095249695508
6996,92.678779793963
6997,110.096757352565
6998,76.7548458095116
7001,110.352922130624
7003,112.937189907756
7006,96.1879391711242
7008,94.7934953827541
7010,91.7684659012696
7011,94.9860796996591
7012,113.758403863975
7013,91.7684659012696
7014,109.484977187253
7017,105.516112514853
7018,94.7651590844075
7019,91.7684659012696
7023,96.1879391711242
7024,105.530587478908
7025,95.0829947307524
7026,109.484977187253
7027,91.9780917561074
7028,113.090134949084
7030,110.275167797605
7031,91.1445957527903
7033,110.079763459084
7036,95.1558742149896
7037,96.1879391711242
7039,94.934953599738
7044,91.9780917561074
7045,109.614930116746
7046,91.7905557689945
7049,106.628736444001
7050,96.1693016651447
7051,105.48396040432
7054,110.556848852394
7055,91.8227078795273
7057,94.934953599738
7060,110.095249695508
7061,96.1880835906026
7063,90.5664620103261
7064,110.079763459084
7067,94.7651590844075
7071,94.8954587436395
7074,105.172371188597
7075,95.0539108541042
7078,109.614930116746
7079,91.7759209036614
7080,110.340178930434
7081,96.290783084407
7082,109.614930116746
7083,90.6791728340705
7085,112.369929451061
7092,105.381997043435
7094,94.7934953827541
7100,92.8487187287719
7101,110.079763459084
7102,109.614930116746
7104,110.079763459084
7105,96.1880835906026
7106,94.7651590844075
7107,106.019681692813
7108,77.6021563137274
7109,92.8487187287719
7110,109.614930116746
7112,95.9275236997741
7113,105.48396040432
7114,94.9124526371204
7116,109.614930116746
7117,96.1880835906026
7118,105.563230738657
7120,96.2849986216959
7121,105.172371188597
7123,105.172371188597
7124,96.3578781059331
7127,104.968444466826
7131,105.172371188597
7132,94.7934953827541
7133,91.7684659012696
7134,109.484977187253
7135,91.7759209036614
7136,109.484977187253
7137,95.0829947307524
7141,92.8487187287719
7144,105.381997043435
7147,110.079763459084
7148,94.7601107546155
7150,91.2295652201948
7151,96.2849986216959
7152,105.172371188597
7154,95.0829947307524
7156,96.2849986216959
7157,104.968444466826
7159,116.017096774194
7161,96.3073636288713
7163,94.9860796996591
7164,105.534750020832
7167,77.6021563137274
7169,105.563230738657
7170,96.2849986216959
7173,94.9860796996591
7174,104.968444466826
7177,109.484977187253
7178,104.968444466826
7179,94.9860796996591
7180,79.6239977669343
7181,109.875836737313
7182,92.678779793963
7184,94.7651590844075
7185,110.096757352565
7186,91.5985269664607
7187,116.017096774194
7188,91.9780917561074
7189,110.079763459084
7191,105.172371188597
7193,110.352922130624
7197,92.8487187287719
7199,94.5052023524021
7200,109.614930116746
7201,91.7759209036614
7204,91.4109909793478
7207,110.096757352565
7209,112.5589854256
7210,94.934953599738
7211,106.819724792859
7213,91.2109277142153
7214,110.096757352565
7216,110.096757352565
7217,92.678779793963
7220,110.095249695508
7224,110.275167797605
7225,92.678779793963
7226,110.096757352565
7227,94.934953599738
7234,110.096757352565
7236,91.3638436511757
7239,104.968444466826
7240,96.2849986216959
7242,114.362307692308
7244,110.096757352565
7245,91.6714064506979
7247,110.136252208663
7248,90.4184208793117
7249,116.017096774194
7250,109.484977187253
7251,91.2295652201948
7252,109.484977187253
7253,77.6021563137274
7256,96.2849986216959
7260,91.9072692333853
7261,110.079763459084
7264,95.9275236997741
7269,112.820908554007
7270,92.678779793963
7273,110.095249695508
7279,91.0053159121775
7281,109.875836737313
7284,91.1566857359576
7285,109.654916122062
7286,116.017096774194
7287,91.4109909793478
7289,94.7651590844075
7292,95.0829947307524
7293,109.614930116746
7296,94.5780818366393
7297,110.079763459084
7298,91.1566857359576
7299,110.079763459084
7301,105.172371188597
7304,110.096757352565
7306,112.937189907756
7308,94.7651590844075
7309,105.417876655164
7312,95.0829947307524
7313,77.6021563137274
7314,91.9072692333853
7316,90.6791728340705
7319,109.484977187253
7321,94.8954587436395
7323,96.1880835906026
7324,105.172371188597
7325,94.934953599738
7328,105.432786659947
7330,77.6021563137274
7334,94.934953599738
7337,110.096757352565
7338,94.7934953827541
7339,91.6527689447184
7341,90.4184208793117
7342,110.096757352565
7344,110.31617031076
7345,110.260257792821
7347,110.352922130624
7349,109.875836737313
7350,95.1558742149896
7353,109.745392658603
7355,109.484977187253
7356,92.0509712403446
7357,110.079763459084
7358,96.097462634583
7360,94.7771046480964
7363,106.531821412907
7364,95.9275236997741
7366,94.6745381283879
7368,96.1879391711242
7369,109.875836737313
7370,91.8413453855068
7373,92.678779793963
7374,110.357172823915
7375,94.6745381283879
7377,96.2849986216959
7379,90.3789260232132
7380,116.017096774194
7382,110.119258315182
7383,92.678779793963
7385,94.4366236196555
7386,105.172371188597
7391,96.1693016651447
7394,108.9947457631
7396,109.484977187253
7397,94.8329902388527
7399,96.2849986216959
7400,105.381997043435
7403,77.6021563137274
7405,110.079763459084
7408,110.119258315182
7414,112.5589854256
7416,106.628736444001
7417,95.6732184563839
7419,94.8499841323335
7420,109.157093740075
7421,96.290783084407
7422,95.9275236997741
7423,106.531821412907
7425,77.6021563137274
7430,95.1148717018347
7432,95.9275236997741
7433,94.9124526371204
7434,110.096757352565
7436,110.556848852394
7437,95.0829947307524
7438,104.968444466826
7440,106.610098938021
7441,94.6745381283879
7442,110.096757352565
7445,110.340178930434
7446,105.432786659947
7448,110.079763459084
7450,105.634957512393
7451,94.7651590844075
7454,109.708117646644
7455,95.0850516922675
7457,109.484977187253
7459,105.432786659947
7462,91.4109909793478
7464,94.7651590844075
7465,110.208072776079
7466,91.4109909793478
7467,109.875836737313
7469,109.726755152623
7472,95.0775966898757
7473,110.275167797605
7479,94.934953599738
7480,105.381997043435
7484,110.364627826307
7491,94.934953599738
7494,106.628736444001
7495,94.6745381283879
7501,91.1445957527903
7503,94.934953599738
7504,105.48396040432
7505,96.1225146892788
7508,109.484977187253
7509,91.7742503639806
7510,77.6021563137274
7511,112.820908554007
7515,94.7934953827541
7516,105.623775008805
7517,95.9275236997741
7518,105.511949972928
7519,94.934953599738
7521,95.9275236997741
7522,105.172371188597
7524,105.210222432197
7526,105.48396040432
7527,96.1879391711242
7528,105.274334549482
7529,96.1879391711242
7534,110.332287691469
7537,109.726755152623
7538,91.9205086984882
7540,94.5725747675026
7541,109.484977187253
7545,109.875836737313
7551,109.579045269548
7553,94.934953599738
7554,105.274334549482
7555,95.9275236997741
7561,109.484977187253
7562,91.8227078795273
7564,94.6745381283879
7565,106.610098938021
7566,96.2849986216959
7567,113.497988392625
7569,105.172371188597
7570,96.1693016651447
7571,116.017096774194
7572,90.588551878051
7574,104.968444466826
7578,110.079763459084
7579,92.8487187287719
7586,95.0829947307524
7587,77.192302675302
7590,94.934953599738
7593,110.275167797605
7594,94.9124526371204
7595,96.2849986216959
7600,95.0829947307524
7601,76.9966237748821
7602,91.9072692333853
7603,109.484977187253
7604,95.0829947307524
7606,90.9691497488447
7608,109.579045269548
7613,77.6021563137274
7615,110.096757352565
7616,110.556848852394
7617,109.484977187253
7618,96.1879391711242
7619,105.48396040432
7622,94.9124526371204
7623,105.172371188597
7624,95.9275236997741
7625,105.623775008805
7626,94.934953599738
7627,105.381997043435
7628,77.6021563137274
7631,105.381997043435
7632,105.48396040432
7633,96.2849986216959
7634,113.784500411972
7635,92.8487187287719
7636,110.096757352565
7637,110.096757352565
7639,95.0829947307524
7640,77.6021563137274
7644,109.614930116746
7645,91.9072692333853
7648,105.381997043435
7649,95.9275236997741
7650,109.875836737313
7652,110.208072776079
7653,90.6280467341495
7655,91.6206168341856
7659,109.484977187253
7662,92.0323337343651
7664,91.759340359197
7666,96.3578781059331
7668,94.8954587436395
7669,112.937189907756
7670,95.7274604346416
7672,95.9275236997741
7673,109.875836737313
7678,95.0829947307524
7679,77.9824778921667
7680,106.328334967335
7683,91.7684659012696
7685,116.017096774194
7688,94.7651590844075
7690,110.556848852394
7692,94.934953599738
7693,96.2849986216959
7695,110.096757352565
7696,94.6745381283879
7698,92.678779793963
7699,110.096757352565
7702,90.4184208793117
7703,110.096757352565
7704,95.9275236997741
7707,112.820908554007
7713,77.6021563137274
7715,104.968444466826
7717,109.484977187253
7718,95.1148717018347
7719,105.563230738657
7721,113.784500411972
7722,96.3073636288713
7725,105.519840016049
7727,105.172371188597
7730,77.3707131203423
7733,91.7759209036614
7735,105.172371188597
7740,110.096757352565
7741,110.096757352565
7742,91.6714064506979
7744,110.338535317935
7747,94.7934953827541
7750,77.6021563137274
7752,109.484977187253
7754,110.079763459084
7756,104.968444466826
7757,96.1880835906026
7758,105.381997043435
7760,106.328334967335
7761,96.2849986216959
7763,112.858183565966
7765,94.934953599738
7767,110.096757352565
7768,94.934953599738
7771,96.2849986216959
7773,91.147560193885
7774,110.338535317935
7776,106.610098938021
7779,94.6745381283879
7783,90.1580054079616
7786,105.563230738657
7787,94.3176663652892
7789,94.6745381283879
7791,96.1879391711242
7793,94.4366236196555
7794,110.119258315182
7795,91.6527689447184
7799,77.6021563137274
7800,110.070800799636
7802,95.9275236997741
7805,110.144587763452
7807,105.172371188597
7808,95.9275236997741
7811,105.381997043435
7817,110.556848852394
7818,105.48396040432
7819,94.7651590844075
7822,95.0829947307524
7823,110.079763459084
7825,110.096757352565
7828,91.4109909793478
7832,91.9072692333853
7833,77.6021563137274
7834,110.245347788038
7835,94.9163160937585
7837,96.2849986216959
7840,94.9860796996591
7842,92.0323337343651
7843,109.875836737313
7844,94.934953599738
7846,96.2849986216959
7850,95.0626866850921
7853,109.614930116746
7855,109.579045269548
7858,94.7934953827541
7863,109.484977187253
7865,109.614930116746
7866,90.3789260232132
7868,91.7684659012696
7869,109.484977187253
7871,77.6021563137274
7872,105.32096162407
7874,105.172371188597
7877,109.484977187253
7878,91.9072692333853
7879,110.079763459084
7881,91.6527689447184
7883,94.9163160937585
7885,105.335871628854
7886,94.934953599738
7889,96.3578781059331
7890,105.419848287035
7891,95.1558742149896
7893,95.7460979406211
7894,106.613826439217
7896,109.875836737313
7898,105.172371188597
7901,94.7934953827541
7902,110.352922130624
7904,109.745392658603
7905,94.8082185590775
7906,113.107128842565
7909,94.7651590844075
7910,105.172371188597
7913,91.6206168341856
7918,109.614930116746
7919,91.7759209036614
7923,90.7760878651639
7925,96.2849986216959
7927,91.7684659012696
7930,94.7934953827541
7932,96.2758730796234
7933,90.6791728340705
7935,95.6732184563839
7939,105.549224984887
7942,91.1445957527903
7943,113.479486842088
7945,106.628736444001
7946,96.1879391711242
7948,94.7934953827541
7949,110.275167797605
7950,91.6714064506979
7951,110.096757352565
7955,105.172371188597
7959,95.9275236997741
7960,110.096757352565
7961,94.9860796996591
7962,104.968444466826
7964,105.191584926217
7965,96.290783084407
7966,109.614930116746
7967,105.563230738657
7968,96.3578781059331
7971,104.968444466826
7974,91.7759209036614
7976,108.749240296533
7978,109.484977187253
7982,110.096757352565
7983,94.7651590844075
7984,105.381997043435
7986,91.8413453855068
7989,110.275167797605
7991,110.352922130624
7992,109.484977187253
7993,91.5809299141567
7994,109.614930116746
7995,91.9072692333853
7997,94.7771046480964
7998,105.381997043435
7999,110.556848852394
8002,91.9780917561074
8007,92.8487187287719
8009,94.8954587436395
8011,92.8487187287719
8013,96.290783084407
8015,105.381997043435
8017,109.484977187253
8019,116.017096774194
8023,94.6745381283879
8024,110.096757352565
8026,109.484977187253
8027,91.2295652201948
8029,94.9860796996591
8030,110.079763459084
8031,92.8487187287719
8033,94.4550742971747
8035,94.934953599738
8036,105.51940497532
8039,104.968444466826
8042,91.7684659012696
8044,90.6280467341495
8046,75.0108997207204
8048,110.079763459084
8049,94.8082185590775
8050,105.381997043435
8053,94.6745381283879
8054,91.2954890680733
8059,95.0829947307524
8061,91.8227078795273
8062,109.875836737313
8064,110.095249695508
8066,105.228859938176
8067,95.0775966898757
8068,96.1369574906815
8070,95.1558742149896
8071,109.614930116746
8072,91.5809299141567
8076,91.2295652201948
8080,90.4184208793117
8081,110.096757352565
8084,94.4366236196555
8087,110.357172823915
8089,90.5664620103261
8090,116.017096774194
8091,105.381997043435
8094,109.484977187253
8100,90.4184208793117
8101,96.3578781059331
8110,96.1879391711242
8111,110.352922130624
8112,95.9275236997741
8115,113.124122736045
8116,95.029139174329
8118,110.095249695508
8121,116.017096774194
8125,109.484977187253
8127,109.745392658603
8128,91.5809299141567
8129,110.352922130624
8131,94.8841163387737
8138,96.1879391711242
8139,105.172371188597
8140,95.0829947307524
8141,91.147560193885
8142,110.079763459084
8143,110.096757352565
8145,109.484977187253
8146,91.1566857359576
8148,112.5589854256
8153,109.484977187253
8154,90.5664620103261
8155,110.096757352565
8161,95.7460979406211
8162,110.079763459084
8163,91.7742503639806
8166,109.484977187253
8168,109.484977187253
8170,91.5809299141567
8172,110.352922130624
8173,91.7759209036614
8176,105.381997043435
8179,94.6745381283879
8181,96.2849986216959
8182,116.017096774194
8184,109.484977187253
8190,106.328334967335
8191,95.9275236997741
8194,110.357172823915
8196,112.937189907756
8198,109.726755152623
8199,109.614930116746
8201,109.484977187253
8202,95.0829947307524
8207,96.290783084407
8208,110.352922130624
8211,109.484977187253
8214,110.066432614048
8217,94.6745381283879
8218,110.119258315182
8222,94.934953599738
8229,105.308023251158
8231,92.8487187287719
8233,96.3578781059331
8236,94.6745381283879
8238,110.096757352565
8240,105.274334549482
8243,106.505728904536
8246,110.340178930434
8250,91.6714064506979
8254,96.3073636288713
8256,77.6021563137274
8257,110.31617031076
8258,91.4109909793478
8260,94.7651590844075
8261,110.31617031076
8263,114.362307692308
8264,96.1879391711242
8267,109.875836737313
8268,91.4109909793478
8271,91.5809299141567
8272,110.352922130624
8275,95.1558742149896
8276,96.3578781059331
8277,105.563230738657
8278,116.017096774194
8279,91.2295652201948
8280,109.875836737313
8281,94.934953599738
8282,110.31617031076
8287,109.484977187253
8288,91.7759209036614
8289,110.096757352565
8294,91.3571860487228
8296,91.147560193885
8299,110.245347788038
8302,105.381997043435
8308,109.484977187253
8314,104.968444466826
8315,96.097462634583
8316,112.937189907756
8317,92.8487187287719
8319,109.484977187253
8320,91.7684659012696
8321,116.017096774194
8323,94.934953599738
8325,95.7460979406211
8326,109.484977187253
8328,110.352922130624
8330,110.070800799636
8331,91.2954890680733
8332,110.079763459084
8334,96.1879391711242
8338,91.7742503639806
8339,95.0539108541042
8341,91.147560193885
8345,109.614930116746
8346,96.2849986216959
8347,104.968444466826
8349,96.1879391711242
8351,95.7460979406211
8352,109.484977187253
8353,110.352922130624
8355,110.332287691469
8358,110.556848852394
8359,110.070800799636
8360,92.736893692895
8361,109.896694087432
8363,104.968444466826
8364,94.9860796996591
8365,96.3578781059331
8366,105.48396040432
8370,110.096757352565
8372,95.7460979406211
8376,96.1880835906026
8377,110.308715308368
8379,110.096757352565
8380,90.6791728340705
8381,109.484977187253
8386,90.5664620103261
8388,105.172371188597
8389,94.9163160937585
8391,110.079763459084
8394,96.3073636288713
8396,104.968444466826
8398,105.32096162407
8400,109.484977187253
8401,91.2954890680733
8404,91.147560193885
8407,95.9275236997741
8408,109.875836737313
8409,110.352922130624
8410,104.968444466826
8411,95.0829947307524
8413,91.5809299141567
8414,109.484977187253
8416,95.0829947307524
